hh:mm:ss.ms,gyroX[mdps],gyroY[mdps],gyroZ[mdps],accX[mg],accY[mg],accZ[mg],magX[mG],magY[mG],magZ[mG]
19:36:18.737000,2900.0,2359.0,788.0,-676.0,444.0,1130.0,0.0,0.0,0.0
19:36:18.742000,2790.0,2356.0,728.0,-671.0,302.0,1063.0,0.0,0.0,0.0
19:36:18.747000,2681.0,2343.0,675.0,-671.0,302.0,1063.0,0.0,0.0,0.0
19:36:18.751000,2611.0,2338.0,650.0,-641.0,148.0,998.0,0.0,0.0,0.0
19:36:18.756000,2564.0,2329.0,630.0,-641.0,148.0,998.0,0.0,0.0,0.0
19:36:18.761000,2562.0,2304.0,599.0,-641.0,148.0,998.0,0.0,0.0,0.0
19:36:18.766000,2592.0,2265.0,545.0,-580.0,-47.0,903.0,0.0,0.0,0.0
19:36:18.770000,2611.0,2202.0,528.0,-580.0,-47.0,903.0,0.0,0.0,0.0
19:36:18.775000,2626.0,2143.0,564.0,-551.0,-203.0,854.0,0.0,0.0,0.0
19:36:18.780000,2634.0,2079.0,592.0,-551.0,-203.0,854.0,0.0,0.0,0.0
19:36:18.784000,2636.0,2018.0,604.0,-504.0,-253.0,870.0,0.0,0.0,0.0
19:36:18.789000,2595.0,1957.0,625.0,-504.0,-253.0,870.0,0.0,0.0,0.0
19:36:18.794000,2530.0,1899.0,647.0,-448.0,-180.0,890.0,0.0,0.0,0.0
19:36:18.798000,2441.0,1849.0,637.0,-448.0,-180.0,890.0,0.0,0.0,0.0
19:36:18.803000,2441.0,1849.0,637.0,-458.0,-6.0,892.0,0.0,0.0,0.0
19:36:18.808000,2342.0,1796.0,602.0,-458.0,-6.0,892.0,0.0,0.0,0.0
19:36:18.813000,2228.0,1747.0,557.0,-535.0,159.0,868.0,0.0,0.0,0.0
19:36:18.817000,2111.0,1715.0,526.0,-535.0,159.0,868.0,0.0,0.0,0.0
19:36:18.822000,1996.0,1680.0,499.0,-626.0,194.0,816.0,0.0,0.0,0.0
19:36:18.827000,1899.0,1641.0,484.0,-626.0,194.0,816.0,0.0,0.0,0.0
19:36:18.831000,1820.0,1605.0,466.0,-685.0,100.0,741.0,0.0,0.0,0.0
19:36:18.836000,1754.0,1571.0,438.0,-685.0,100.0,741.0,0.0,0.0,0.0
19:36:18.841000,1689.0,1544.0,413.0,-712.0,8.0,658.0,0.0,0.0,0.0
19:36:18.845000,1619.0,1519.0,387.0,-712.0,8.0,658.0,0.0,0.0,0.0
19:36:18.850000,1549.0,1491.0,365.0,-729.0,-24.0,581.0,0.0,0.0,0.0
19:36:18.855000,1488.0,1458.0,326.0,-729.0,-24.0,581.0,0.0,0.0,0.0
19:36:18.860000,1443.0,1418.0,301.0,-716.0,-95.0,499.0,0.0,0.0,0.0
19:36:18.864000,1393.0,1379.0,322.0,-716.0,-95.0,499.0,0.0,0.0,0.0
19:36:18.868000,1330.0,1341.0,362.0,-701.0,-193.0,424.0,0.0,0.0,0.0
19:36:18.874000,1264.0,1295.0,373.0,-701.0,-193.0,424.0,0.0,0.0,0.0
19:36:18.878000,1199.0,1248.0,350.0,-701.0,-193.0,424.0,0.0,0.0,0.0
19:36:18.883000,1130.0,1196.0,347.0,-715.0,-181.0,374.0,0.0,0.0,0.0
19:36:18.888000,1050.0,1144.0,358.0,-715.0,-181.0,374.0,0.0,0.0,0.0
19:36:18.892000,970.0,1096.0,355.0,-699.0,-145.0,338.0,0.0,0.0,0.0
19:36:18.897000,900.0,1045.0,329.0,-699.0,-145.0,338.0,0.0,0.0,0.0
19:36:18.902000,836.0,998.0,284.0,-677.0,-166.0,303.0,0.0,0.0,0.0
19:36:18.907000,770.0,948.0,268.0,-677.0,-166.0,303.0,0.0,0.0,0.0
19:36:18.911000,770.0,948.0,268.0,-682.0,-204.0,270.0,0.0,0.0,0.0
19:36:18.916000,711.0,899.0,268.0,-682.0,-204.0,270.0,0.0,0.0,0.0
19:36:18.921000,671.0,853.0,266.0,-717.0,-252.0,237.0,0.0,0.0,0.0
19:36:18.925000,638.0,816.0,235.0,-717.0,-252.0,237.0,0.0,0.0,0.0
19:36:18.930000,604.0,784.0,191.0,-771.0,-334.0,195.0,0.0,0.0,0.0
19:36:18.935000,566.0,771.0,186.0,-771.0,-334.0,195.0,0.0,0.0,0.0
19:36:18.939000,539.0,734.0,185.0,-795.0,-400.0,168.0,0.0,0.0,0.0
19:36:18.944000,527.0,701.0,174.0,-795.0,-400.0,168.0,0.0,0.0,0.0
19:36:18.949000,521.0,669.0,159.0,-818.0,-416.0,140.0,0.0,0.0,0.0
19:36:18.954000,510.0,651.0,130.0,-818.0,-416.0,140.0,0.0,0.0,0.0
19:36:18.958000,494.0,626.0,78.0,-847.0,-409.0,104.0,0.0,0.0,0.0
19:36:18.963000,469.0,598.0,25.0,-847.0,-409.0,104.0,0.0,0.0,0.0
19:36:18.968000,417.0,574.0,-25.0,-858.0,-376.0,80.0,0.0,0.0,0.0
19:36:18.972000,362.0,549.0,-73.0,-858.0,-376.0,80.0,0.0,0.0,0.0
19:36:18.977000,319.0,518.0,-93.0,-858.0,-376.0,80.0,0.0,0.0,0.0
19:36:18.982000,287.0,498.0,-117.0,-848.0,-378.0,51.0,0.0,0.0,0.0
19:36:18.986000,263.0,478.0,-170.0,-832.0,-443.0,11.0,0.0,0.0,0.0
19:36:18.991000,268.0,461.0,-211.0,-832.0,-443.0,11.0,0.0,0.0,0.0
19:36:18.996000,274.0,445.0,-224.0,-832.0,-443.0,11.0,0.0,0.0,0.0
19:36:19.001000,292.0,424.0,-219.0,-823.0,-546.0,-35.0,0.0,0.0,0.0
19:36:19.005000,317.0,403.0,-207.0,-823.0,-546.0,-35.0,0.0,0.0,0.0
19:36:19.010000,343.0,373.0,-203.0,-823.0,-625.0,-73.0,0.0,0.0,0.0
19:36:19.015000,371.0,345.0,-216.0,-823.0,-625.0,-73.0,0.0,0.0,0.0
19:36:19.019000,371.0,345.0,-216.0,-824.0,-642.0,-93.0,0.0,0.0,0.0
19:36:19.024000,401.0,315.0,-240.0,-824.0,-642.0,-93.0,0.0,0.0,0.0
19:36:19.029000,426.0,284.0,-250.0,-802.0,-614.0,-104.0,0.0,0.0,0.0
19:36:19.033000,443.0,248.0,-261.0,-802.0,-614.0,-104.0,0.0,0.0,0.0
19:36:19.038000,450.0,205.0,-273.0,-783.0,-565.0,-99.0,0.0,0.0,0.0
19:36:19.043000,448.0,157.0,-257.0,-783.0,-565.0,-99.0,0.0,0.0,0.0
19:36:19.048000,445.0,112.0,-239.0,-773.0,-557.0,-81.0,0.0,0.0,0.0
19:36:19.052000,464.0,74.0,-247.0,-773.0,-557.0,-81.0,0.0,0.0,0.0
19:36:19.057000,490.0,37.0,-267.0,-758.0,-560.0,-72.0,0.0,0.0,0.0
19:36:19.062000,508.0,-3.0,-254.0,-758.0,-560.0,-72.0,0.0,0.0,0.0
19:36:19.066000,508.0,-25.0,-209.0,-770.0,-571.0,-60.0,0.0,0.0,0.0
19:36:19.071000,518.0,-47.0,-178.0,-770.0,-571.0,-60.0,0.0,0.0,0.0
19:36:19.076000,539.0,-60.0,-171.0,-835.0,-616.0,-42.0,0.0,0.0,0.0
19:36:19.080000,546.0,-63.0,-171.0,-835.0,-616.0,-42.0,0.0,0.0,0.0
19:36:19.085000,560.0,-74.0,-166.0,-835.0,-616.0,-42.0,0.0,0.0,0.0
19:36:19.090000,574.0,-72.0,-165.0,-900.0,-629.0,-30.0,0.0,0.0,0.0
19:36:19.095000,575.0,-70.0,-176.0,-900.0,-629.0,-30.0,0.0,0.0,0.0
19:36:19.099000,564.0,-74.0,-193.0,-920.0,-580.0,-18.0,0.0,0.0,0.0
19:36:19.104000,553.0,-77.0,-218.0,-920.0,-580.0,-18.0,0.0,0.0,0.0
19:36:19.109000,539.0,-84.0,-245.0,-921.0,-512.0,-22.0,0.0,0.0,0.0
19:36:19.113000,505.0,-90.0,-291.0,-921.0,-512.0,-22.0,0.0,0.0,0.0
19:36:19.118000,463.0,-111.0,-354.0,-917.0,-449.0,-25.0,0.0,0.0,0.0
19:36:19.123000,446.0,-130.0,-382.0,-917.0,-449.0,-25.0,0.0,0.0,0.0
19:36:19.127000,420.0,-152.0,-384.0,-876.0,-419.0,-18.0,0.0,0.0,0.0
19:36:19.132000,420.0,-152.0,-384.0,-876.0,-419.0,-18.0,0.0,0.0,0.0
19:36:19.137000,392.0,-169.0,-381.0,-812.0,-451.0,-22.0,0.0,0.0,0.0
19:36:19.141000,410.0,-192.0,-401.0,-812.0,-451.0,-22.0,0.0,0.0,0.0
19:36:19.146000,408.0,-221.0,-425.0,-774.0,-450.0,-32.0,0.0,0.0,0.0
19:36:19.151000,404.0,-244.0,-417.0,-774.0,-450.0,-32.0,0.0,0.0,0.0
19:36:19.156000,401.0,-272.0,-389.0,-769.0,-445.0,-35.0,0.0,0.0,0.0
19:36:19.160000,404.0,-296.0,-352.0,-769.0,-445.0,-35.0,0.0,0.0,0.0
19:36:19.165000,412.0,-322.0,-324.0,-807.0,-448.0,-32.0,0.0,0.0,0.0
19:36:19.170000,409.0,-343.0,-310.0,-807.0,-448.0,-32.0,0.0,0.0,0.0
19:36:19.174000,392.0,-352.0,-311.0,-883.0,-382.0,-33.0,0.0,0.0,0.0
19:36:19.178000,361.0,-361.0,-315.0,-883.0,-382.0,-33.0,0.0,0.0,0.0
19:36:19.184000,342.0,-361.0,-324.0,-948.0,-292.0,-34.0,0.0,0.0,0.0
19:36:19.188000,307.0,-357.0,-342.0,-948.0,-292.0,-34.0,0.0,0.0,0.0
19:36:19.193000,261.0,-343.0,-352.0,-948.0,-292.0,-34.0,0.0,0.0,0.0
19:36:19.198000,217.0,-326.0,-359.0,-995.0,-216.0,-34.0,0.0,0.0,0.0
19:36:19.203000,171.0,-306.0,-371.0,-995.0,-216.0,-34.0,0.0,0.0,0.0
19:36:19.207000,127.0,-287.0,-372.0,-1055.0,-148.0,-25.0,0.0,0.0,0.0
19:36:19.212000,83.0,-266.0,-348.0,-1055.0,-148.0,-25.0,0.0,0.0,0.0
19:36:19.217000,38.0,-242.0,-302.0,-1114.0,-127.0,-11.0,0.0,0.0,0.0
19:36:19.221000,-3.0,-220.0,-244.0,-1114.0,-127.0,-11.0,0.0,0.0,0.0
19:36:19.226000,-31.0,-203.0,-198.0,-1164.0,-175.0,-6.0,0.0,0.0,0.0
19:36:19.231000,-51.0,-189.0,-161.0,-1164.0,-175.0,-6.0,0.0,0.0,0.0
19:36:19.235000,-73.0,-177.0,-149.0,-1211.0,-228.0,-14.0,0.0,0.0,0.0
19:36:19.240000,-73.0,-177.0,-149.0,-1211.0,-228.0,-14.0,0.0,0.0,0.0
19:36:19.245000,-88.0,-167.0,-164.0,-1212.0,-257.0,-26.0,0.0,0.0,0.0
19:36:19.250000,-98.0,-160.0,-176.0,-1212.0,-257.0,-26.0,0.0,0.0,0.0
19:36:19.254000,-102.0,-163.0,-154.0,-1152.0,-288.0,-38.0,0.0,0.0,0.0
19:36:19.259000,-115.0,-167.0,-137.0,-1152.0,-288.0,-38.0,0.0,0.0,0.0
19:36:19.264000,-125.0,-174.0,-158.0,-1085.0,-314.0,-53.0,0.0,0.0,0.0
19:36:19.268000,-127.0,-186.0,-188.0,-1085.0,-314.0,-53.0,0.0,0.0,0.0
19:36:19.273000,-126.0,-204.0,-200.0,-1046.0,-319.0,-78.0,0.0,0.0,0.0
19:36:19.278000,-130.0,-228.0,-190.0,-1046.0,-319.0,-78.0,0.0,0.0,0.0
19:36:19.282000,-144.0,-247.0,-191.0,-1045.0,-288.0,-103.0,0.0,0.0,0.0
19:36:19.287000,-168.0,-266.0,-189.0,-1045.0,-288.0,-103.0,0.0,0.0,0.0
19:36:19.292000,-189.0,-290.0,-169.0,-1072.0,-244.0,-118.0,0.0,0.0,0.0
19:36:19.297000,-210.0,-312.0,-173.0,-1072.0,-244.0,-118.0,0.0,0.0,0.0
19:36:19.301000,-227.0,-333.0,-195.0,-1072.0,-244.0,-118.0,0.0,0.0,0.0
19:36:19.306000,-233.0,-352.0,-186.0,-1077.0,-240.0,-126.0,0.0,0.0,0.0
19:36:19.311000,-218.0,-368.0,-151.0,-1077.0,-240.0,-126.0,0.0,0.0,0.0
19:36:19.315000,-194.0,-382.0,-131.0,-1060.0,-296.0,-138.0,0.0,0.0,0.0
19:36:19.320000,-175.0,-390.0,-121.0,-1060.0,-296.0,-138.0,0.0,0.0,0.0
19:36:19.325000,-154.0,-396.0,-105.0,-1086.0,-349.0,-155.0,0.0,0.0,0.0
19:36:19.329000,-127.0,-406.0,-101.0,-1086.0,-349.0,-155.0,0.0,0.0,0.0
19:36:19.334000,-101.0,-415.0,-112.0,-1130.0,-357.0,-169.0,0.0,0.0,0.0
19:36:19.339000,-82.0,-431.0,-115.0,-1130.0,-357.0,-169.0,0.0,0.0,0.0
19:36:19.344000,-107.0,-442.0,-105.0,-1127.0,-307.0,-177.0,0.0,0.0,0.0
19:36:19.348000,-107.0,-442.0,-105.0,-1127.0,-307.0,-177.0,0.0,0.0,0.0
19:36:19.353000,-129.0,-458.0,-122.0,-1096.0,-203.0,-177.0,0.0,0.0,0.0
19:36:19.358000,-158.0,-479.0,-134.0,-1096.0,-203.0,-177.0,0.0,0.0,0.0
19:36:19.362000,-195.0,-508.0,-121.0,-1040.0,-142.0,-164.0,0.0,0.0,0.0
19:36:19.367000,-226.0,-541.0,-107.0,-1040.0,-142.0,-164.0,0.0,0.0,0.0
19:36:19.372000,-247.0,-578.0,-95.0,-962.0,-153.0,-140.0,0.0,0.0,0.0
19:36:19.376000,-256.0,-613.0,-92.0,-962.0,-153.0,-140.0,0.0,0.0,0.0
19:36:19.381000,-259.0,-644.0,-98.0,-879.0,-184.0,-112.0,0.0,0.0,0.0
19:36:19.386000,-255.0,-669.0,-104.0,-879.0,-184.0,-112.0,0.0,0.0,0.0
19:36:19.391000,-247.0,-690.0,-107.0,-821.0,-189.0,-77.0,0.0,0.0,0.0
19:36:19.395000,-247.0,-704.0,-109.0,-821.0,-189.0,-77.0,0.0,0.0,0.0
19:36:19.400000,-250.0,-717.0,-127.0,-839.0,-149.0,-38.0,0.0,0.0,0.0
19:36:19.405000,-257.0,-728.0,-147.0,-839.0,-149.0,-38.0,0.0,0.0,0.0
19:36:19.409000,-260.0,-739.0,-157.0,-839.0,-103.0,-6.0,0.0,0.0,0.0
19:36:19.413000,-261.0,-746.0,-168.0,-905.0,-103.0,-6.0,0.0,0.0,0.0
19:36:19.419000,-268.0,-749.0,-198.0,-905.0,-103.0,-6.0,0.0,0.0,0.0
19:36:19.423000,-261.0,-753.0,-254.0,-957.0,-12.0,23.0,0.0,0.0,0.0
19:36:19.428000,-249.0,-762.0,-287.0,-957.0,-12.0,23.0,0.0,0.0,0.0
19:36:19.433000,-231.0,-769.0,-295.0,-993.0,52.0,64.0,0.0,0.0,0.0
19:36:19.438000,-215.0,-761.0,-322.0,-993.0,52.0,64.0,0.0,0.0,0.0
19:36:19.442000,-228.0,-750.0,-347.0,-1007.0,45.0,112.0,0.0,0.0,0.0
19:36:19.447000,-268.0,-722.0,-347.0,-1007.0,45.0,112.0,0.0,0.0,0.0
19:36:19.452000,-314.0,-697.0,-309.0,-953.0,-50.0,163.0,0.0,0.0,0.0
19:36:19.456000,-338.0,-683.0,-272.0,-953.0,-50.0,163.0,0.0,0.0,0.0
19:36:19.461000,-338.0,-683.0,-272.0,-898.0,-185.0,176.0,0.0,0.0,0.0
19:36:19.466000,-359.0,-666.0,-287.0,-898.0,-185.0,176.0,0.0,0.0,0.0
19:36:19.470000,-400.0,-655.0,-326.0,-894.0,-77.0,164.0,0.0,0.0,0.0
19:36:19.475000,-441.0,-646.0,-364.0,-894.0,-77.0,164.0,0.0,0.0,0.0
19:36:19.480000,-466.0,-637.0,-398.0,-889.0,79.0,164.0,0.0,0.0,0.0
19:36:19.485000,-464.0,-622.0,-406.0,-889.0,79.0,164.0,0.0,0.0,0.0
19:36:19.489000,-436.0,-602.0,-359.0,-905.0,-76.0,126.0,0.0,0.0,0.0
19:36:19.494000,-382.0,-583.0,-329.0,-905.0,-76.0,126.0,0.0,0.0,0.0
19:36:19.499000,-305.0,-574.0,-334.0,-960.0,-278.0,54.0,0.0,0.0,0.0
19:36:19.503000,-238.0,-564.0,-319.0,-960.0,-278.0,54.0,0.0,0.0,0.0
19:36:19.508000,-181.0,-561.0,-275.0,-981.0,-270.0,-4.0,0.0,0.0,0.0
19:36:19.513000,-139.0,-560.0,-263.0,-981.0,-270.0,-4.0,0.0,0.0,0.0
19:36:19.517000,-121.0,-564.0,-255.0,-927.0,-98.0,-23.0,0.0,0.0,0.0
19:36:19.522000,-128.0,-569.0,-180.0,-927.0,-98.0,-23.0,0.0,0.0,0.0
19:36:19.527000,-162.0,-571.0,-46.0,-927.0,-98.0,-23.0,0.0,0.0,0.0
19:36:19.532000,-210.0,-564.0,11.0,-914.0,11.0,2.0,0.0,0.0,0.0
19:36:19.536000,-251.0,-546.0,-43.0,-914.0,11.0,2.0,0.0,0.0,0.0
19:36:19.541000,-275.0,-521.0,-108.0,-998.0,-44.0,36.0,0.0,0.0,0.0
19:36:19.546000,-288.0,-501.0,-142.0,-998.0,-44.0,36.0,0.0,0.0,0.0
19:36:19.550000,-287.0,-482.0,-199.0,-1028.0,-105.0,67.0,0.0,0.0,0.0
19:36:19.555000,-272.0,-471.0,-301.0,-1028.0,-105.0,67.0,0.0,0.0,0.0
19:36:19.560000,-251.0,-468.0,-420.0,-942.0,-82.0,108.0,0.0,0.0,0.0
19:36:19.564000,-226.0,-465.0,-492.0,-942.0,-82.0,108.0,0.0,0.0,0.0
19:36:19.569000,-226.0,-465.0,-492.0,-790.0,-60.0,154.0,0.0,0.0,0.0
19:36:19.574000,-207.0,-455.0,-527.0,-790.0,-60.0,154.0,0.0,0.0,0.0
19:36:19.579000,-194.0,-425.0,-540.0,-668.0,-161.0,187.0,0.0,0.0,0.0
19:36:19.583000,-171.0,-399.0,-534.0,-668.0,-161.0,187.0,0.0,0.0,0.0
19:36:19.588000,-110.0,-385.0,-562.0,-682.0,-198.0,208.0,0.0,0.0,0.0
19:36:19.593000,-52.0,-362.0,-569.0,-682.0,-198.0,208.0,0.0,0.0,0.0
19:36:19.597000,-36.0,-319.0,-542.0,-754.0,-143.0,224.0,0.0,0.0,0.0
19:36:19.602000,-28.0,-268.0,-497.0,-754.0,-143.0,224.0,0.0,0.0,0.0
19:36:19.607000,-25.0,-214.0,-442.0,-832.0,-108.0,231.0,0.0,0.0,0.0
19:36:19.611000,-19.0,-163.0,-401.0,-832.0,-108.0,231.0,0.0,0.0,0.0
19:36:19.616000,-25.0,-113.0,-361.0,-923.0,-95.0,226.0,0.0,0.0,0.0
19:36:19.621000,-28.0,-72.0,-331.0,-923.0,-95.0,226.0,0.0,0.0,0.0
19:36:19.626000,-22.0,-48.0,-297.0,-943.0,-112.0,210.0,0.0,0.0,0.0
19:36:19.630000,-9.0,-28.0,-259.0,-943.0,-112.0,210.0,0.0,0.0,0.0
19:36:19.635000,4.0,-8.0,-217.0,-943.0,-112.0,210.0,0.0,0.0,0.0
19:36:19.640000,7.0,9.0,-186.0,-864.0,-116.0,197.0,0.0,0.0,0.0
19:36:19.644000,6.0,23.0,-183.0,-864.0,-116.0,197.0,0.0,0.0,0.0
19:36:19.648000,4.0,29.0,-214.0,-805.0,-51.0,203.0,0.0,0.0,0.0
19:36:19.654000,-34.0,69.0,-222.0,-805.0,-51.0,203.0,0.0,0.0,0.0
19:36:19.658000,-65.0,91.0,-157.0,-790.0,-4.0,231.0,0.0,0.0,0.0
19:36:19.663000,-79.0,105.0,-76.0,-790.0,-4.0,231.0,0.0,0.0,0.0
19:36:19.668000,-105.0,126.0,-3.0,-783.0,-41.0,267.0,0.0,0.0,0.0
19:36:19.673000,-149.0,159.0,25.0,-783.0,-41.0,267.0,0.0,0.0,0.0
19:36:19.677000,-149.0,159.0,25.0,-809.0,-4.0,297.0,0.0,0.0,0.0
19:36:19.682000,-164.0,179.0,0.0,-809.0,-4.0,297.0,0.0,0.0,0.0
19:36:19.687000,-186.0,189.0,-49.0,-824.0,38.0,325.0,0.0,0.0,0.0
19:36:19.691000,-202.0,200.0,-76.0,-824.0,38.0,325.0,0.0,0.0,0.0
19:36:19.696000,-191.0,196.0,-84.0,-784.0,-11.0,351.0,0.0,0.0,0.0
19:36:19.701000,-207.0,200.0,-74.0,-784.0,-11.0,351.0,0.0,0.0,0.0
19:36:19.705000,-247.0,205.0,-38.0,-802.0,-62.0,364.0,0.0,0.0,0.0
19:36:19.710000,-269.0,200.0,0.0,-802.0,-62.0,364.0,0.0,0.0,0.0
19:36:19.715000,-270.0,184.0,5.0,-879.0,-97.0,367.0,0.0,0.0,0.0
19:36:19.720000,-277.0,179.0,-7.0,-879.0,-97.0,367.0,0.0,0.0,0.0
19:36:19.724000,-275.0,170.0,-14.0,-898.0,-126.0,371.0,0.0,0.0,0.0
19:36:19.729000,-262.0,168.0,-21.0,-898.0,-126.0,371.0,0.0,0.0,0.0
19:36:19.734000,-249.0,161.0,-58.0,-890.0,-144.0,384.0,0.0,0.0,0.0
19:36:19.738000,-217.0,172.0,-128.0,-890.0,-144.0,384.0,0.0,0.0,0.0
19:36:19.743000,-167.0,186.0,-208.0,-890.0,-144.0,384.0,0.0,0.0,0.0
19:36:19.748000,-134.0,202.0,-235.0,-928.0,-171.0,391.0,0.0,0.0,0.0
19:36:19.752000,-111.0,201.0,-213.0,-928.0,-171.0,391.0,0.0,0.0,0.0
19:36:19.757000,-67.0,193.0,-193.0,-972.0,-220.0,398.0,0.0,0.0,0.0
19:36:19.762000,-31.0,192.0,-186.0,-972.0,-220.0,398.0,0.0,0.0,0.0
19:36:19.767000,2.0,194.0,-196.0,-947.0,-244.0,398.0,0.0,0.0,0.0
19:36:19.771000,11.0,204.0,-202.0,-947.0,-244.0,398.0,0.0,0.0,0.0
19:36:19.776000,4.0,208.0,-198.0,-917.0,-160.0,388.0,0.0,0.0,0.0
19:36:19.781000,-16.0,207.0,-183.0,-917.0,-160.0,388.0,0.0,0.0,0.0
19:36:19.785000,-16.0,207.0,-183.0,-945.0,-24.0,393.0,0.0,0.0,0.0
19:36:19.790000,-63.0,217.0,-166.0,-945.0,-24.0,393.0,0.0,0.0,0.0
19:36:19.795000,-112.0,233.0,-196.0,-983.0,20.0,402.0,0.0,0.0,0.0
19:36:19.799000,-151.0,245.0,-262.0,-983.0,20.0,402.0,0.0,0.0,0.0
19:36:19.804000,-168.0,252.0,-307.0,-965.0,-9.0,402.0,0.0,0.0,0.0
19:36:19.809000,-187.0,264.0,-297.0,-965.0,-9.0,402.0,0.0,0.0,0.0
19:36:19.814000,-203.0,279.0,-287.0,-907.0,-68.0,396.0,0.0,0.0,0.0
19:36:19.818000,-191.0,296.0,-348.0,-907.0,-68.0,396.0,0.0,0.0,0.0
19:36:19.823000,-158.0,316.0,-424.0,-921.0,-115.0,380.0,0.0,0.0,0.0
19:36:19.828000,-132.0,328.0,-413.0,-921.0,-115.0,380.0,0.0,0.0,0.0
19:36:19.832000,-104.0,331.0,-339.0,-987.0,-163.0,366.0,0.0,0.0,0.0
19:36:19.837000,-75.0,329.0,-304.0,-987.0,-163.0,366.0,0.0,0.0,0.0
19:36:19.842000,-52.0,347.0,-324.0,-1021.0,-172.0,354.0,0.0,0.0,0.0
19:36:19.846000,-20.0,364.0,-346.0,-1021.0,-172.0,354.0,0.0,0.0,0.0
19:36:19.851000,6.0,365.0,-310.0,-1021.0,-172.0,354.0,0.0,0.0,0.0
19:36:19.856000,9.0,369.0,-277.0,-1023.0,-120.0,336.0,0.0,0.0,0.0
19:36:19.861000,-1.0,375.0,-228.0,-1023.0,-120.0,336.0,0.0,0.0,0.0
19:36:19.865000,-23.0,375.0,-204.0,-1018.0,-77.0,327.0,0.0,0.0,0.0
19:36:19.870000,-37.0,383.0,-179.0,-1018.0,-77.0,327.0,0.0,0.0,0.0
19:36:19.875000,-77.0,382.0,-133.0,-1007.0,-53.0,320.0,0.0,0.0,0.0
19:36:19.879000,-79.0,384.0,-126.0,-1007.0,-53.0,320.0,0.0,0.0,0.0
19:36:19.883000,-79.0,384.0,-126.0,-973.0,-45.0,310.0,0.0,0.0,0.0
19:36:19.889000,-102.0,378.0,-84.0,-973.0,-45.0,310.0,0.0,0.0,0.0
19:36:19.893000,-104.0,380.0,-74.0,-929.0,-72.0,317.0,0.0,0.0,0.0
19:36:19.898000,-104.0,380.0,-74.0,-929.0,-72.0,317.0,0.0,0.0,0.0
19:36:19.903000,-30.0,385.0,-61.0,-837.0,-219.0,338.0,0.0,0.0,0.0
19:36:19.908000,-42.0,323.0,95.0,-837.0,-219.0,338.0,0.0,0.0,0.0
19:36:19.912000,10.0,287.0,-182.0,-948.0,-102.0,354.0,0.0,0.0,0.0
19:36:19.917000,19.0,240.0,-484.0,-948.0,-102.0,354.0,0.0,0.0,0.0
19:36:19.922000,65.0,350.0,-493.0,-1049.0,-41.0,309.0,0.0,0.0,0.0
19:36:19.926000,166.0,332.0,-387.0,-1049.0,-41.0,309.0,0.0,0.0,0.0
19:36:19.931000,213.0,317.0,-240.0,-869.0,-233.0,270.0,0.0,0.0,0.0
19:36:19.936000,301.0,299.0,-200.0,-869.0,-233.0,270.0,0.0,0.0,0.0
19:36:19.940000,359.0,277.0,-224.0,-889.0,-177.0,287.0,0.0,0.0,0.0
19:36:19.945000,421.0,270.0,-219.0,-889.0,-177.0,287.0,0.0,0.0,0.0
19:36:19.950000,473.0,272.0,-212.0,-1067.0,-66.0,285.0,0.0,0.0,0.0
19:36:19.955000,519.0,279.0,-158.0,-1067.0,-66.0,285.0,0.0,0.0,0.0
19:36:19.959000,546.0,294.0,-74.0,-1067.0,-66.0,285.0,0.0,0.0,0.0
19:36:19.964000,549.0,310.0,1.0,-1102.0,12.0,282.0,0.0,0.0,0.0
19:36:19.969000,547.0,312.0,73.0,-1102.0,12.0,282.0,0.0,0.0,0.0
19:36:19.973000,554.0,330.0,149.0,-1093.0,54.0,291.0,0.0,0.0,0.0
19:36:19.978000,550.0,341.0,261.0,-1093.0,54.0,291.0,0.0,0.0,0.0
19:36:19.983000,529.0,352.0,366.0,-1095.0,47.0,305.0,0.0,0.0,0.0
19:36:19.987000,508.0,371.0,338.0,-1095.0,47.0,305.0,0.0,0.0,0.0
19:36:19.992000,508.0,389.0,297.0,-1147.0,82.0,302.0,0.0,0.0,0.0
19:36:19.997000,504.0,414.0,392.0,-1147.0,82.0,302.0,0.0,0.0,0.0
19:36:20.002000,536.0,443.0,515.0,-1187.0,3.0,292.0,0.0,0.0,0.0
19:36:20.006000,536.0,443.0,515.0,-1187.0,3.0,292.0,0.0,0.0,0.0
19:36:20.011000,585.0,424.0,550.0,-1207.0,-153.0,291.0,0.0,0.0,0.0
19:36:20.016000,599.0,529.0,466.0,-1207.0,-153.0,291.0,0.0,0.0,0.0
19:36:20.020000,622.0,607.0,410.0,-1232.0,-163.0,274.0,0.0,0.0,0.0
19:36:20.025000,690.0,660.0,383.0,-1232.0,-163.0,274.0,0.0,0.0,0.0
19:36:20.030000,754.0,707.0,319.0,-1244.0,-137.0,242.0,0.0,0.0,0.0
19:36:20.034000,838.0,786.0,243.0,-1244.0,-137.0,242.0,0.0,0.0,0.0
19:36:20.039000,889.0,854.0,183.0,-1280.0,-161.0,220.0,0.0,0.0,0.0
19:36:20.044000,961.0,946.0,160.0,-1280.0,-161.0,220.0,0.0,0.0,0.0
19:36:20.049000,1021.0,1022.0,171.0,-1287.0,-201.0,199.0,0.0,0.0,0.0
19:36:20.053000,1095.0,1113.0,193.0,-1287.0,-201.0,199.0,0.0,0.0,0.0
19:36:20.058000,1167.0,1201.0,209.0,-1298.0,-209.0,146.0,0.0,0.0,0.0
19:36:20.063000,1246.0,1301.0,221.0,-1298.0,-209.0,146.0,0.0,0.0,0.0
19:36:20.067000,1317.0,1394.0,242.0,-1298.0,-209.0,146.0,0.0,0.0,0.0
19:36:20.072000,1376.0,1501.0,271.0,-1341.0,-163.0,71.0,0.0,0.0,0.0
19:36:20.077000,1438.0,1613.0,296.0,-1341.0,-163.0,71.0,0.0,0.0,0.0
19:36:20.081000,1502.0,1709.0,338.0,-1400.0,-94.0,-11.0,0.0,0.0,0.0
19:36:20.086000,1562.0,1815.0,401.0,-1400.0,-94.0,-11.0,0.0,0.0,0.0
19:36:20.091000,1596.0,1913.0,490.0,-1439.0,-74.0,-95.0,0.0,0.0,0.0
19:36:20.096000,1638.0,2013.0,596.0,-1439.0,-74.0,-95.0,0.0,0.0,0.0
19:36:20.100000,1659.0,2097.0,688.0,-1463.0,-99.0,-150.0,0.0,0.0,0.0
19:36:20.105000,1700.0,2181.0,765.0,-1463.0,-99.0,-150.0,0.0,0.0,0.0
19:36:20.110000,1739.0,2234.0,824.0,-1436.0,-138.0,-172.0,0.0,0.0,0.0
19:36:20.114000,1739.0,2234.0,824.0,-1436.0,-138.0,-172.0,0.0,0.0,0.0
19:36:20.118000,1799.0,2287.0,880.0,-1321.0,-226.0,-185.0,0.0,0.0,0.0
19:36:20.124000,1869.0,2327.0,921.0,-1321.0,-226.0,-185.0,0.0,0.0,0.0
19:36:20.128000,1949.0,2355.0,924.0,-1189.0,-296.0,-187.0,0.0,0.0,0.0
19:36:20.133000,2029.0,2362.0,903.0,-1189.0,-296.0,-187.0,0.0,0.0,0.0
19:36:20.138000,2087.0,2376.0,855.0,-1103.0,-238.0,-164.0,0.0,0.0,0.0
19:36:20.143000,2125.0,2378.0,802.0,-1103.0,-238.0,-164.0,0.0,0.0,0.0
19:36:20.147000,2142.0,2360.0,800.0,-1026.0,-127.0,-113.0,0.0,0.0,0.0
19:36:20.152000,2142.0,2353.0,835.0,-1026.0,-127.0,-113.0,0.0,0.0,0.0
19:36:20.157000,2132.0,2346.0,868.0,-937.0,-71.0,-17.0,0.0,0.0,0.0
19:36:20.161000,2123.0,2335.0,945.0,-937.0,-71.0,-17.0,0.0,0.0,0.0
19:36:20.166000,2125.0,2324.0,1033.0,-884.0,-102.0,60.0,0.0,0.0,0.0
19:36:20.171000,2134.0,2336.0,1096.0,-884.0,-102.0,60.0,0.0,0.0,0.0
19:36:20.175000,2127.0,2374.0,1131.0,-884.0,-127.0,20.0,0.0,0.0,0.0
19:36:20.180000,2093.0,2450.0,1179.0,-1063.0,-127.0,20.0,0.0,0.0,0.0
19:36:20.185000,2038.0,2539.0,1243.0,-1063.0,-127.0,20.0,0.0,0.0,0.0
19:36:20.190000,1965.0,2631.0,1288.0,-1465.0,-79.0,-79.0,0.0,0.0,0.0
19:36:20.194000,1879.0,2710.0,1302.0,-1465.0,-79.0,-79.0,0.0,0.0,0.0
19:36:20.199000,1801.0,2783.0,1292.0,-1724.0,-31.0,-123.0,0.0,0.0,0.0
19:36:20.204000,1737.0,2838.0,1261.0,-1724.0,-31.0,-123.0,0.0,0.0,0.0
19:36:20.208000,1686.0,2867.0,1228.0,-1555.0,36.0,-115.0,0.0,0.0,0.0
19:36:20.213000,1642.0,2884.0,1194.0,-1555.0,36.0,-115.0,0.0,0.0,0.0
19:36:20.218000,1599.0,2885.0,1166.0,-1130.0,82.0,-96.0,0.0,0.0,0.0
19:36:20.222000,1570.0,2867.0,1127.0,-1130.0,82.0,-96.0,0.0,0.0,0.0
19:36:20.227000,1570.0,2867.0,1127.0,-842.0,35.0,-90.0,0.0,0.0,0.0
19:36:20.232000,1554.0,2830.0,1089.0,-842.0,35.0,-90.0,0.0,0.0,0.0
19:36:20.237000,1542.0,2775.0,1088.0,-697.0,-50.0,-109.0,0.0,0.0,0.0
19:36:20.241000,1537.0,2717.0,1130.0,-697.0,-50.0,-109.0,0.0,0.0,0.0
19:36:20.246000,1538.0,2645.0,1177.0,-542.0,-110.0,-155.0,0.0,0.0,0.0
19:36:20.251000,1547.0,2572.0,1214.0,-542.0,-110.0,-155.0,0.0,0.0,0.0
19:36:20.255000,1556.0,2506.0,1231.0,-420.0,-90.0,-228.0,0.0,0.0,0.0
19:36:20.260000,1563.0,2440.0,1220.0,-420.0,-90.0,-228.0,0.0,0.0,0.0
19:36:20.265000,1561.0,2377.0,1193.0,-412.0,5.0,-307.0,0.0,0.0,0.0
19:36:20.269000,1542.0,2314.0,1167.0,-412.0,5.0,-307.0,0.0,0.0,0.0
19:36:20.274000,1509.0,2246.0,1134.0,-457.0,110.0,-361.0,0.0,0.0,0.0
19:36:20.279000,1455.0,2180.0,1085.0,-457.0,110.0,-361.0,0.0,0.0,0.0
19:36:20.284000,1388.0,2110.0,1022.0,-431.0,200.0,-396.0,0.0,0.0,0.0
19:36:20.288000,1313.0,2041.0,946.0,-431.0,200.0,-396.0,0.0,0.0,0.0
19:36:20.293000,1227.0,1971.0,865.0,-431.0,200.0,-396.0,0.0,0.0,0.0
19:36:20.298000,1129.0,1899.0,781.0,-304.0,296.0,-440.0,0.0,0.0,0.0
19:36:20.302000,1023.0,1824.0,709.0,-304.0,296.0,-440.0,0.0,0.0,0.0
19:36:20.307000,919.0,1740.0,673.0,-185.0,367.0,-496.0,0.0,0.0,0.0
19:36:20.312000,829.0,1650.0,669.0,-185.0,367.0,-496.0,0.0,0.0,0.0
19:36:20.316000,761.0,1560.0,681.0,-112.0,315.0,-549.0,0.0,0.0,0.0
19:36:20.321000,715.0,1472.0,721.0,-112.0,315.0,-549.0,0.0,0.0,0.0
19:36:20.326000,697.0,1383.0,772.0,-60.0,144.0,-611.0,0.0,0.0,0.0
19:36:20.331000,689.0,1299.0,808.0,-60.0,144.0,-611.0,0.0,0.0,0.0
19:36:20.335000,689.0,1299.0,808.0,-53.0,0.0,-673.0,0.0,0.0,0.0
19:36:20.340000,693.0,1220.0,809.0,-53.0,0.0,-673.0,0.0,0.0,0.0
19:36:20.345000,697.0,1143.0,792.0,-116.0,-28.0,-715.0,0.0,0.0,0.0
19:36:20.349000,698.0,1069.0,789.0,-116.0,-28.0,-715.0,0.0,0.0,0.0
19:36:20.353000,700.0,1009.0,788.0,-196.0,-10.0,-739.0,0.0,0.0,0.0
19:36:20.359000,691.0,959.0,788.0,-196.0,-10.0,-739.0,0.0,0.0,0.0
19:36:20.363000,674.0,904.0,770.0,-268.0,25.0,-742.0,0.0,0.0,0.0
19:36:20.368000,646.0,856.0,718.0,-268.0,25.0,-742.0,0.0,0.0,0.0
19:36:20.373000,635.0,810.0,672.0,-276.0,59.0,-735.0,0.0,0.0,0.0
19:36:20.378000,603.0,770.0,663.0,-276.0,59.0,-735.0,0.0,0.0,0.0
19:36:20.382000,562.0,731.0,660.0,-239.0,58.0,-738.0,0.0,0.0,0.0
19:36:20.387000,529.0,693.0,617.0,-239.0,58.0,-738.0,0.0,0.0,0.0
19:36:20.392000,495.0,646.0,520.0,-236.0,114.0,-744.0,0.0,0.0,0.0
19:36:20.396000,483.0,600.0,418.0,-236.0,114.0,-744.0,0.0,0.0,0.0
19:36:20.401000,454.0,548.0,396.0,-236.0,114.0,-744.0,0.0,0.0,0.0
19:36:20.406000,413.0,506.0,414.0,-193.0,121.0,-747.0,0.0,0.0,0.0
19:36:20.410000,415.0,466.0,301.0,-193.0,121.0,-747.0,0.0,0.0,0.0
19:36:20.415000,381.0,406.0,234.0,-189.0,101.0,-752.0,0.0,0.0,0.0
19:36:20.420000,329.0,370.0,392.0,-189.0,101.0,-752.0,0.0,0.0,0.0
19:36:20.425000,352.0,333.0,417.0,-225.0,-10.0,-767.0,0.0,0.0,0.0
19:36:20.429000,390.0,293.0,325.0,-225.0,-10.0,-767.0,0.0,0.0,0.0
19:36:20.434000,406.0,261.0,210.0,-223.0,-94.0,-784.0,0.0,0.0,0.0
19:36:20.439000,426.0,235.0,147.0,-223.0,-94.0,-784.0,0.0,0.0,0.0
19:36:20.443000,426.0,235.0,147.0,-134.0,-49.0,-799.0,0.0,0.0,0.0
19:36:20.448000,427.0,207.0,212.0,-134.0,-49.0,-799.0,0.0,0.0,0.0
19:36:20.453000,441.0,182.0,268.0,-61.0,-88.0,-819.0,0.0,0.0,0.0
19:36:20.457000,480.0,171.0,239.0,-61.0,-88.0,-819.0,0.0,0.0,0.0
19:36:20.462000,501.0,159.0,204.0,-166.0,-57.0,-847.0,0.0,0.0,0.0
19:36:20.467000,498.0,147.0,196.0,-166.0,-57.0,-847.0,0.0,0.0,0.0
19:36:20.472000,496.0,140.0,189.0,-251.0,8.0,-872.0,0.0,0.0,0.0
19:36:20.476000,484.0,136.0,203.0,-251.0,8.0,-872.0,0.0,0.0,0.0
19:36:20.481000,492.0,134.0,203.0,-241.0,16.0,-895.0,0.0,0.0,0.0
19:36:20.486000,515.0,130.0,206.0,-241.0,16.0,-895.0,0.0,0.0,0.0
19:36:20.490000,521.0,125.0,252.0,-221.0,4.0,-906.0,0.0,0.0,0.0
19:36:20.495000,506.0,119.0,280.0,-221.0,4.0,-906.0,0.0,0.0,0.0
19:36:20.500000,489.0,109.0,263.0,-205.0,51.0,-904.0,0.0,0.0,0.0
19:36:20.504000,478.0,92.0,225.0,-205.0,51.0,-904.0,0.0,0.0,0.0
19:36:20.509000,464.0,74.0,224.0,-205.0,51.0,-904.0,0.0,0.0,0.0
19:36:20.514000,443.0,60.0,263.0,-166.0,72.0,-898.0,0.0,0.0,0.0
19:36:20.519000,426.0,55.0,276.0,-166.0,72.0,-898.0,0.0,0.0,0.0
19:36:20.523000,407.0,50.0,254.0,-132.0,40.0,-897.0,0.0,0.0,0.0
19:36:20.528000,390.0,44.0,226.0,-132.0,40.0,-897.0,0.0,0.0,0.0
19:36:20.533000,373.0,43.0,217.0,-145.0,39.0,-905.0,0.0,0.0,0.0
19:36:20.537000,360.0,37.0,226.0,-145.0,39.0,-905.0,0.0,0.0,0.0
19:36:20.542000,351.0,32.0,225.0,-127.0,33.0,-914.0,0.0,0.0,0.0
19:36:20.547000,342.0,28.0,203.0,-127.0,33.0,-914.0,0.0,0.0,0.0
19:36:20.551000,342.0,28.0,203.0,-118.0,48.0,-920.0,0.0,0.0,0.0
19:36:20.556000,331.0,23.0,177.0,-118.0,48.0,-920.0,0.0,0.0,0.0
19:36:20.561000,319.0,18.0,163.0,-155.0,70.0,-917.0,0.0,0.0,0.0
19:36:20.566000,305.0,14.0,168.0,-155.0,70.0,-917.0,0.0,0.0,0.0
19:36:20.570000,292.0,9.0,184.0,-181.0,63.0,-912.0,0.0,0.0,0.0
19:36:20.575000,277.0,5.0,212.0,-181.0,63.0,-912.0,0.0,0.0,0.0
19:36:20.580000,262.0,1.0,237.0,-192.0,62.0,-909.0,0.0,0.0,0.0
19:36:20.584000,246.0,-2.0,246.0,-192.0,62.0,-909.0,0.0,0.0,0.0
19:36:20.588000,229.0,-4.0,241.0,-204.0,87.0,-909.0,0.0,0.0,0.0
19:36:20.594000,217.0,-2.0,235.0,-204.0,87.0,-909.0,0.0,0.0,0.0
19:36:20.598000,212.0,0.0,239.0,-219.0,55.0,-920.0,0.0,0.0,0.0
19:36:20.603000,217.0,4.0,246.0,-219.0,55.0,-920.0,0.0,0.0,0.0
19:36:20.608000,233.0,10.0,239.0,-224.0,-35.0,-933.0,0.0,0.0,0.0
19:36:20.613000,252.0,19.0,221.0,-224.0,-35.0,-933.0,0.0,0.0,0.0
19:36:20.617000,273.0,32.0,193.0,-224.0,-35.0,-933.0,0.0,0.0,0.0
19:36:20.622000,290.0,45.0,161.0,-236.0,-79.0,-944.0,0.0,0.0,0.0
19:36:20.627000,305.0,59.0,129.0,-270.0,-76.0,-951.0,0.0,0.0,0.0
19:36:20.631000,321.0,73.0,96.0,-270.0,-76.0,-951.0,0.0,0.0,0.0
19:36:20.636000,340.0,87.0,75.0,-270.0,-76.0,-951.0,0.0,0.0,0.0
19:36:20.641000,353.0,100.0,65.0,-284.0,-93.0,-953.0,0.0,0.0,0.0
19:36:20.645000,359.0,114.0,49.0,-284.0,-93.0,-953.0,0.0,0.0,0.0
19:36:20.650000,355.0,123.0,19.0,-255.0,-75.0,-962.0,0.0,0.0,0.0
19:36:20.655000,343.0,127.0,-7.0,-255.0,-75.0,-962.0,0.0,0.0,0.0
19:36:20.660000,333.0,131.0,-2.0,-224.0,-24.0,-965.0,0.0,0.0,0.0
19:36:20.664000,333.0,131.0,-2.0,-224.0,-24.0,-965.0,0.0,0.0,0.0
19:36:20.669000,334.0,133.0,19.0,-193.0,-30.0,-976.0,0.0,0.0,0.0
19:36:20.674000,336.0,133.0,19.0,-193.0,-30.0,-976.0,0.0,0.0,0.0
19:36:20.678000,322.0,126.0,-9.0,-188.0,27.0,-985.0,0.0,0.0,0.0
19:36:20.683000,296.0,111.0,-39.0,-188.0,27.0,-985.0,0.0,0.0,0.0
19:36:20.688000,276.0,95.0,-39.0,-163.0,75.0,-976.0,0.0,0.0,0.0
19:36:20.692000,268.0,83.0,-17.0,-163.0,75.0,-976.0,0.0,0.0,0.0
19:36:20.697000,261.0,72.0,2.0,-122.0,41.0,-974.0,0.0,0.0,0.0
19:36:20.702000,247.0,63.0,7.0,-122.0,41.0,-974.0,0.0,0.0,0.0
19:36:20.707000,225.0,56.0,-2.0,-173.0,106.0,-979.0,0.0,0.0,0.0
19:36:20.711000,203.0,48.0,-14.0,-173.0,106.0,-979.0,0.0,0.0,0.0
19:36:20.716000,189.0,47.0,-20.0,-246.0,157.0,-982.0,0.0,0.0,0.0
19:36:20.721000,184.0,47.0,-14.0,-246.0,157.0,-982.0,0.0,0.0,0.0
19:36:20.725000,186.0,49.0,0.0,-246.0,157.0,-982.0,0.0,0.0,0.0
19:36:20.730000,193.0,54.0,21.0,-272.0,101.0,-980.0,0.0,0.0,0.0
19:36:20.735000,198.0,60.0,32.0,-272.0,101.0,-980.0,0.0,0.0,0.0
19:36:20.739000,200.0,67.0,32.0,-279.0,62.0,-972.0,0.0,0.0,0.0
19:36:20.744000,195.0,78.0,25.0,-279.0,62.0,-972.0,0.0,0.0,0.0
19:36:20.749000,182.0,86.0,18.0,-287.0,101.0,-959.0,0.0,0.0,0.0
19:36:20.763000,125.0,105.0,-27.0,-287.0,158.0,-938.0,0.0,0.0,0.0
19:36:20.768000,102.0,107.0,-30.0,-276.0,174.0,-920.0,0.0,0.0,0.0
19:36:20.772000,102.0,107.0,-30.0,-276.0,174.0,-920.0,0.0,0.0,0.0
19:36:20.777000,78.0,107.0,-44.0,-268.0,186.0,-914.0,0.0,0.0,0.0
19:36:20.782000,51.0,105.0,-59.0,-268.0,186.0,-914.0,0.0,0.0,0.0
19:36:20.786000,23.0,99.0,-63.0,-265.0,209.0,-918.0,0.0,0.0,0.0
19:36:20.791000,-4.0,92.0,-58.0,-265.0,209.0,-918.0,0.0,0.0,0.0
19:36:20.796000,-28.0,86.0,-48.0,-261.0,206.0,-932.0,0.0,0.0,0.0
19:36:20.800000,-53.0,76.0,-30.0,-261.0,206.0,-932.0,0.0,0.0,0.0
19:36:20.805000,-77.0,67.0,-18.0,-241.0,195.0,-946.0,0.0,0.0,0.0
19:36:20.810000,-101.0,57.0,-14.0,-241.0,195.0,-946.0,0.0,0.0,0.0
19:36:20.815000,-123.0,42.0,-11.0,-214.0,198.0,-958.0,0.0,0.0,0.0
19:36:20.819000,-144.0,27.0,-16.0,-214.0,198.0,-958.0,0.0,0.0,0.0
19:36:20.824000,-171.0,10.0,-22.0,-205.0,203.0,-970.0,0.0,0.0,0.0
19:36:20.829000,-198.0,-14.0,-23.0,-205.0,203.0,-970.0,0.0,0.0,0.0
19:36:20.833000,-225.0,-40.0,-26.0,-205.0,203.0,-970.0,0.0,0.0,0.0
19:36:20.838000,-254.0,-73.0,-35.0,-190.0,213.0,-979.0,0.0,0.0,0.0
19:36:20.843000,-284.0,-109.0,-47.0,-190.0,213.0,-979.0,0.0,0.0,0.0
19:36:20.847000,-318.0,-151.0,-61.0,-161.0,234.0,-984.0,0.0,0.0,0.0
19:36:20.852000,-360.0,-195.0,-79.0,-161.0,234.0,-984.0,0.0,0.0,0.0
19:36:20.857000,-414.0,-242.0,-101.0,-143.0,281.0,-985.0,0.0,0.0,0.0
19:36:20.862000,-478.0,-292.0,-121.0,-143.0,281.0,-985.0,0.0,0.0,0.0
19:36:20.866000,-555.0,-342.0,-134.0,-135.0,356.0,-979.0,0.0,0.0,0.0
19:36:20.871000,-644.0,-388.0,-144.0,-135.0,356.0,-979.0,0.0,0.0,0.0
19:36:20.876000,-746.0,-431.0,-157.0,-134.0,439.0,-967.0,0.0,0.0,0.0
19:36:20.880000,-746.0,-431.0,-157.0,-134.0,439.0,-967.0,0.0,0.0,0.0
19:36:20.885000,-850.0,-473.0,-174.0,-157.0,509.0,-952.0,0.0,0.0,0.0
19:36:20.890000,-953.0,-517.0,-190.0,-157.0,509.0,-952.0,0.0,0.0,0.0
19:36:20.894000,-1050.0,-555.0,-215.0,-194.0,526.0,-937.0,0.0,0.0,0.0
19:36:20.899000,-1141.0,-590.0,-262.0,-194.0,526.0,-937.0,0.0,0.0,0.0
19:36:20.904000,-1220.0,-627.0,-319.0,-235.0,507.0,-916.0,0.0,0.0,0.0
19:36:20.909000,-1294.0,-665.0,-385.0,-235.0,507.0,-916.0,0.0,0.0,0.0
19:36:20.913000,-1359.0,-702.0,-451.0,-287.0,475.0,-893.0,0.0,0.0,0.0
19:36:20.918000,-1425.0,-737.0,-509.0,-287.0,475.0,-893.0,0.0,0.0,0.0
19:36:20.923000,-1496.0,-774.0,-557.0,-327.0,431.0,-864.0,0.0,0.0,0.0
19:36:20.927000,-1567.0,-820.0,-590.0,-327.0,431.0,-864.0,0.0,0.0,0.0
19:36:20.932000,-1638.0,-872.0,-627.0,-290.0,412.0,-829.0,0.0,0.0,0.0
19:36:20.937000,-1714.0,-929.0,-683.0,-290.0,412.0,-829.0,0.0,0.0,0.0
19:36:20.941000,-1796.0,-991.0,-754.0,-228.0,435.0,-785.0,0.0,0.0,0.0
19:36:20.946000,-1888.0,-1056.0,-818.0,-221.0,435.0,-785.0,0.0,0.0,0.0
19:36:20.951000,-1985.0,-1122.0,-863.0,-221.0,435.0,-785.0,0.0,0.0,0.0
19:36:20.956000,-2087.0,-1190.0,-894.0,-182.0,452.0,-723.0,0.0,0.0,0.0
19:36:20.960000,-2195.0,-1257.0,-914.0,-182.0,452.0,-723.0,0.0,0.0,0.0
19:36:20.965000,-2303.0,-1318.0,-939.0,-157.0,444.0,-650.0,0.0,0.0,0.0
19:36:20.970000,-2408.0,-1374.0,-975.0,-157.0,444.0,-650.0,0.0,0.0,0.0
19:36:20.974000,-2508.0,-1433.0,-1019.0,-184.0,446.0,-584.0,0.0,0.0,0.0
19:36:20.979000,-2597.0,-1489.0,-1058.0,-184.0,446.0,-584.0,0.0,0.0,0.0
19:36:20.984000,-2675.0,-1539.0,-1092.0,-270.0,438.0,-538.0,0.0,0.0,0.0
19:36:20.988000,-2741.0,-1583.0,-1117.0,-270.0,438.0,-538.0,0.0,0.0,0.0
19:36:20.993000,-2741.0,-1583.0,-1117.0,-356.0,371.0,-507.0,0.0,0.0,0.0
19:36:20.998000,-2786.0,-1618.0,-1141.0,-356.0,371.0,-507.0,0.0,0.0,0.0
19:36:21.003000,-2809.0,-1646.0,-1176.0,-412.0,266.0,-499.0,0.0,0.0,0.0
19:36:21.007000,-2821.0,-1671.0,-1222.0,-412.0,266.0,-499.0,0.0,0.0,0.0
19:36:21.012000,-2823.0,-1689.0,-1257.0,-468.0,183.0,-500.0,0.0,0.0,0.0
19:36:21.017000,-2807.0,-1707.0,-1281.0,-468.0,183.0,-500.0,0.0,0.0,0.0
19:36:21.021000,-2780.0,-1729.0,-1299.0,-517.0,122.0,-506.0,0.0,0.0,0.0
19:36:21.026000,-2745.0,-1756.0,-1300.0,-517.0,122.0,-506.0,0.0,0.0,0.0
19:36:21.031000,-2704.0,-1784.0,-1297.0,-528.0,59.0,-515.0,0.0,0.0,0.0
19:36:21.035000,-2659.0,-1810.0,-1288.0,-528.0,59.0,-515.0,0.0,0.0,0.0
19:36:21.040000,-2606.0,-1839.0,-1252.0,-498.0,-66.0,-516.0,0.0,0.0,0.0
19:36:21.045000,-2540.0,-1871.0,-1190.0,-498.0,-66.0,-516.0,0.0,0.0,0.0
19:36:21.050000,-2465.0,-1908.0,-1129.0,-453.0,-277.0,-525.0,0.0,0.0,0.0
19:36:21.054000,-2392.0,-1940.0,-1081.0,-453.0,-277.0,-525.0,0.0,0.0,0.0
19:36:21.059000,-2322.0,-1956.0,-1042.0,-453.0,-277.0,-525.0,0.0,0.0,0.0
19:36:21.064000,-2250.0,-1971.0,-1013.0,-453.0,-462.0,-536.0,0.0,0.0,0.0
19:36:21.068000,-2202.0,-2027.0,-987.0,-453.0,-462.0,-536.0,0.0,0.0,0.0
19:36:21.073000,-2169.0,-2060.0,-1044.0,-564.0,-528.0,-490.0,0.0,0.0,0.0
19:36:21.078000,-2143.0,-2034.0,-1194.0,-564.0,-528.0,-490.0,0.0,0.0,0.0
19:36:21.082000,-2248.0,-1993.0,-1259.0,-866.0,-380.0,-361.0,0.0,0.0,0.0
19:36:21.087000,-2317.0,-2006.0,-1325.0,-866.0,-380.0,-361.0,0.0,0.0,0.0
19:36:21.092000,-2394.0,-2067.0,-922.0,-1382.0,-330.0,-237.0,0.0,0.0,0.0
19:36:21.097000,-2422.0,-1973.0,-621.0,-1382.0,-330.0,-237.0,0.0,0.0,0.0
19:36:21.101000,-2422.0,-1973.0,-621.0,-1182.0,-455.0,-282.0,0.0,0.0,0.0
19:36:21.106000,-2392.0,-1789.0,-1043.0,-1182.0,-455.0,-282.0,0.0,0.0,0.0
19:36:21.111000,-2333.0,-1727.0,-1311.0,-481.0,-444.0,-362.0,0.0,0.0,0.0
19:36:21.115000,-2273.0,-1665.0,-1252.0,-481.0,-444.0,-362.0,0.0,0.0,0.0
19:36:21.120000,-2214.0,-1619.0,-1050.0,-515.0,-582.0,-362.0,0.0,0.0,0.0
19:36:21.125000,-2127.0,-1596.0,-866.0,-515.0,-582.0,-362.0,0.0,0.0,0.0
19:36:21.129000,-1983.0,-1593.0,-848.0,-809.0,-897.0,-403.0,0.0,0.0,0.0
19:36:21.134000,-1786.0,-1605.0,-951.0,-809.0,-897.0,-403.0,0.0,0.0,0.0
19:36:21.139000,-1643.0,-1610.0,-1054.0,-796.0,-1009.0,-450.0,0.0,0.0,0.0
19:36:21.144000,-1519.0,-1628.0,-987.0,-796.0,-1009.0,-450.0,0.0,0.0,0.0
19:36:21.148000,-1416.0,-1631.0,-946.0,-617.0,-832.0,-447.0,0.0,0.0,0.0
19:36:21.153000,-1365.0,-1666.0,-947.0,-617.0,-832.0,-447.0,0.0,0.0,0.0
19:36:21.158000,-1339.0,-1675.0,-921.0,-519.0,-606.0,-388.0,0.0,0.0,0.0
19:36:21.162000,-1291.0,-1691.0,-955.0,-519.0,-606.0,-388.0,0.0,0.0,0.0
19:36:21.167000,-1239.0,-1724.0,-1008.0,-519.0,-606.0,-388.0,0.0,0.0,0.0
