timestamp,ax,ay,az,lap_id,is_swimming
0.0,-0.00144,0.37904,-0.00111,1,1
0.05,0.00659,0.37948,-0.00869,1,1
0.1,0.00247,0.37804,0.01039,1,1
0.15,-0.00012,0.38296,0.03045,1,1
0.2,0.00487,0.38164,0.01767,1,1
0.25,-0.01227,0.38287,0.04437,1,1
0.3,-0.00213,0.37919,0.04274,1,1
0.35,-0.01751,0.37694,0.04845,1,1
0.4,0.00534,0.37744,0.05338,1,1
0.45,-0.00133,0.38742,0.04449,1,1
0.5,0.00145,0.36418,0.03536,1,1
0.55,-0.01072,0.36986,0.07619,1,1
0.6,0.00158,0.3665,0.08169,1,1
0.65,-0.0155,0.37746,0.07597,1,1
0.7,-0.00475,0.38612,0.09089,1,1
0.75,-0.00281,0.38401,0.09478,1,1
0.8,-0.01299,0.36989,0.09069,1,1
0.85,-0.00213,0.37409,0.12401,1,1
0.9,-0.01572,0.3651,0.11349,1,1
0.95,0.00628,0.38061,0.11918,1,1
1.0,0.00593,0.37405,0.10147,1,1
1.05,-0.01405,0.38392,0.10601,1,1
1.1,-0.00879,0.37631,0.12188,1,1
1.15,-0.00229,0.37894,0.1527,1,1
1.2,-0.00371,0.36636,0.12815,1,1
1.25,-0.01861,0.38127,0.13222,1,1
1.3,-0.01139,0.37851,0.13461,1,1
1.35,-0.014,0.35184,0.1348,1,1
1.4,-0.01712,0.37362,0.16116,1,1
1.45,-0.012,0.37126,0.15433,1,1
1.5,-0.00134,0.37673,0.15862,1,1
1.55,-0.02266,0.37596,0.16274,1,1
1.6,-0.00064,0.36572,0.18131,1,1
1.65,-0.01686,0.38102,0.16559,1,1
1.7,-0.01879,0.35285,0.16538,1,1
1.75,0.00026,0.37131,0.17603,1,1
1.8,-0.03808,0.36925,0.17675,1,1
1.85,-0.02017,0.35482,0.173,1,1
1.9,0.00225,0.34948,0.17038,1,1
1.95,-0.00172,0.35447,0.17242,1,1
2.0,-0.01469,0.3454,0.17946,1,1
2.05,-0.02808,0.36551,0.17828,1,1
2.1,0.00653,0.35829,0.19267,1,1
2.15,-0.02965,0.35306,0.18279,1,1
2.2,0.00053,0.33624,0.1898,1,1
2.25,-0.01132,0.36712,0.18712,1,1
2.3,-0.01701,0.34529,0.16741,1,1
2.35,-0.01587,0.34727,0.19976,1,1
2.4,-0.02422,0.35106,0.16332,1,1
2.45,-0.02235,0.3491,0.18649,1,1
2.5,-0.00419,0.34465,0.16609,1,1
2.55,-0.01436,0.34885,0.18098,1,1
2.6,-0.02621,0.35357,0.17553,1,1
2.65,-0.01246,0.35351,0.17912,1,1
2.7,-0.01685,0.3608,0.17363,1,1
2.75,-0.02292,0.33887,0.18397,1,1
2.8,-0.01902,0.3414,0.17885,1,1
2.85,-0.02557,0.31736,0.16743,1,1
2.9,-0.01837,0.32695,0.17049,1,1
2.95,-0.01481,0.32146,0.16411,1,1
3.0,-0.02307,0.31493,0.16041,1,1
3.05,-0.02177,0.32063,0.15788,1,1
3.1,-0.01664,0.32061,0.15323,1,1
3.15,-0.01156,0.31753,0.14943,1,1
3.2,-0.02188,0.34557,0.12322,1,1
3.25,-0.01513,0.31808,0.13689,1,1
3.3,-0.00325,0.31926,0.15618,1,1
3.35,-0.02685,0.32103,0.12457,1,1
3.4,-0.0295,0.3163,0.12221,1,1
3.45,-0.02073,0.29275,0.14047,1,1
3.5,-0.02457,0.32934,0.10563,1,1
3.55,-0.02012,0.34164,0.10212,1,1
3.6,-0.03813,0.30259,0.11053,1,1
3.65,-0.01637,0.31899,0.09808,1,1
3.7,-0.03945,0.29975,0.10779,1,1
3.75,-0.01888,0.28252,0.08965,1,1
3.8,-0.00966,0.32132,0.09012,1,1
3.85,-0.02065,0.28559,0.07047,1,1
3.9,-0.02337,0.30095,0.07901,1,1
3.95,-0.0287,0.28229,0.05965,1,1
4.0,-0.03557,0.29812,0.03844,1,1
4.05,-0.0274,0.29404,0.07084,1,1
4.1,-0.02342,0.29738,0.04562,1,1
4.15,-0.03163,0.27844,0.05882,1,1
4.2,-0.01429,0.28784,0.07073,1,1
4.25,-0.0246,0.28694,0.03433,1,1
4.3,-0.02653,0.30164,0.04012,1,1
4.35,-0.03833,0.2722,0.0231,1,1
4.4,-0.01652,0.26042,-0.01,1,1
4.45,-0.04343,0.27087,0.00525,1,1
4.5,-0.02092,0.26155,-0.01224,1,1
4.55,-0.0446,0.27018,-0.00258,1,1
4.6,-0.01442,0.27241,-0.01446,1,1
4.65,-0.01084,0.26074,-0.02542,1,1
4.7,-0.02952,0.25384,-0.04671,1,1
4.75,-0.02271,0.25974,-0.03488,1,1
4.8,-0.03137,0.2585,-0.02026,1,1
4.85,-0.02381,0.24723,-0.04946,1,1
4.9,-0.02483,0.23716,-0.05087,1,1
4.95,-0.02346,0.26574,-0.04619,1,1
5.0,-0.01366,0.23763,-0.05486,1,1
5.05,-0.03532,0.24532,-0.06324,1,1
5.1,-0.0315,0.25962,-0.06754,1,1
5.15,-0.04277,0.24256,-0.08298,1,1
5.2,-0.02363,0.23908,-0.0806,1,1
5.25,-0.04393,0.22022,-0.08227,1,1
5.3,-0.01041,0.24819,-0.07735,1,1
5.35,-0.04386,0.23419,-0.11982,1,1
5.4,-0.00704,0.22635,-0.11721,1,1
5.45,-0.00294,0.22756,-0.12973,1,1
5.5,-0.01997,0.21109,-0.11459,1,1
5.55,-0.0274,0.22941,-0.13468,1,1
5.6,-0.01942,0.23107,-0.13331,1,1
5.65,-0.02033,0.21218,-0.13638,1,1
5.7,-0.01578,0.20835,-0.1432,1,1
5.75,-0.00447,0.2125,-0.13956,1,1
5.8,-0.02827,0.19393,-0.12953,1,1
5.85,-0.02318,0.20355,-0.14747,1,1
5.9,-0.01535,0.19495,-0.14159,1,1
5.95,-0.02315,0.20155,-0.14592,1,1
6.0,-0.02227,0.18179,-0.16529,1,1
6.05,-0.0283,0.17766,-0.15027,1,1
6.1,-0.02113,0.2003,-0.13899,1,1
6.15,-0.0202,0.16621,-0.16825,1,1
6.2,-0.02096,0.16388,-0.1694,1,1
6.25,-0.01709,0.17123,-0.17683,1,1
6.3,-0.0273,0.19073,-0.17279,1,1
6.35,-0.02776,0.16617,-0.16348,1,1
6.4,-0.02605,0.17174,-0.16737,1,1
6.45,-0.01145,0.17792,-0.18157,1,1
6.5,-0.00734,0.15299,-0.18123,1,1
6.55,-0.00643,0.16613,-0.17823,1,1
6.6,-0.03002,0.16049,-0.18532,1,1
6.65,-0.02706,0.14535,-0.1771,1,1
6.7,-0.03874,0.15239,-0.17815,1,1
6.75,-0.02308,0.15608,-0.17389,1,1
6.8,-0.02299,0.13594,-0.17294,1,1
6.85,-0.03178,0.13623,-0.18587,1,1
6.9,-0.01561,0.13857,-0.17865,1,1
6.95,-0.00464,0.13563,-0.1814,1,1
7.0,-0.02777,0.13745,-0.17198,1,1
7.05,-0.00083,0.11963,-0.1758,1,1
7.1,-0.01559,0.12309,-0.17455,1,1
7.15,-0.03181,0.12907,-0.1665,1,1
7.2,-0.00302,0.14016,-0.17438,1,1
7.25,-0.01434,0.1146,-0.14972,1,1
7.3,-0.03094,0.11618,-0.1816,1,1
7.35,-0.03909,0.08794,-0.17826,1,1
7.4,-0.00222,0.09627,-0.16406,1,1
7.45,-0.02419,0.10787,-0.16995,1,1
7.5,0.00099,0.08862,-0.16353,1,1
7.55,-0.01059,0.09558,-0.1384,1,1
7.6,-0.01024,0.08004,-0.15483,1,1
7.65,-0.01679,0.09614,-0.14179,1,1
7.7,-0.01188,0.09435,-0.14713,1,1
7.75,-0.01166,0.08422,-0.12261,1,1
7.8,-0.0109,0.07566,-0.14422,1,1
7.85,-0.00266,0.07004,-0.12604,1,1
7.9,-0.02815,0.08309,-0.13836,1,1
7.95,-0.01651,0.07998,-0.13379,1,1
8.0,-0.00913,0.06686,-0.12569,1,1
8.05,0.0055,0.07783,-0.13054,1,1
8.1,-0.02202,0.06765,-0.11883,1,1
8.15,-0.01101,0.05758,-0.09374,1,1
8.2,-0.00895,0.05395,-0.10315,1,1
8.25,0.00662,0.04475,-0.0866,1,1
8.3,-0.01101,0.04747,-0.08619,1,1
8.35,-0.00711,0.03297,-0.07094,1,1
8.4,0.00907,0.04223,-0.06589,1,1
8.45,0.00373,0.04578,-0.0644,1,1
8.5,-0.00211,0.04183,-0.06088,1,1
8.55,-0.01355,0.03011,-0.07451,1,1
8.6,-0.00345,0.0307,-0.03725,1,1
8.65,-0.00146,0.03253,-0.04355,1,1
8.7,-0.01278,0.00581,-0.04712,1,1
8.75,-0.01579,0.02295,-0.03333,1,1
8.8,0.004,0.01402,-0.01461,1,1
8.85,0.00933,0.00351,-0.02156,1,1
8.9,-0.00618,-0.00957,-0.0058,1,1
8.95,0.01146,0.00326,-0.01121,1,1
9.0,0.01091,-0.02345,0.00177,1,1
9.05,0.00186,-0.00903,0.0202,1,1
9.1,0.01056,-0.00926,0.01169,1,1
9.15,-0.0026,-0.01509,0.00573,1,1
9.2,0.0155,-0.00301,0.03303,1,1
9.25,-0.00882,0.0042,0.05106,1,1
9.3,0.00443,-0.02897,0.02876,1,1
9.35,0.00716,-0.03238,0.0432,1,1
9.4,0.01428,-0.04163,0.06967,1,1
9.45,0.01948,-0.04225,0.04149,1,1
9.5,0.0014,-0.0435,0.05893,1,1
9.55,-0.02116,-0.03878,0.08546,1,1
9.6,-0.0061,-0.04253,0.05832,1,1
9.65,0.01186,-0.04536,0.09831,1,1
9.7,0.00796,-0.05013,0.09001,1,1
9.75,0.00124,-0.06309,0.09302,1,1
9.8,0.00497,-0.05133,0.09914,1,1
9.85,0.00202,-0.05207,0.11803,1,1
9.9,-0.00355,-0.04219,0.10337,1,1
9.95,0.00027,-0.03857,0.11237,1,1
10.0,0.02204,-0.05794,0.0989,1,1
10.05,0.00994,-0.07464,0.10703,1,1
10.1,-0.00859,-0.07163,0.13094,1,1
10.15,0.01343,-0.07897,0.1215,1,1
10.2,4e-05,-0.08472,0.12344,1,1
10.25,0.00827,-0.08264,0.12893,1,1
10.3,0.00836,-0.09326,0.1418,1,1
10.35,0.01613,-0.08711,0.15034,1,1
10.4,-0.00508,-0.0959,0.15199,1,1
10.45,0.01823,-0.11132,0.15424,1,1
10.5,0.02425,-0.10034,0.15494,1,1
10.55,0.01706,-0.09929,0.16568,1,1
10.6,0.01364,-0.10343,0.15396,1,1
10.65,0.01157,-0.09561,0.1624,1,1
10.7,0.01194,-0.11624,0.17476,1,1
10.75,0.00543,-0.1054,0.15977,1,1
10.8,0.00375,-0.11561,0.17249,1,1
10.85,0.01764,-0.1102,0.1689,1,1
10.9,0.01943,-0.13307,0.18724,1,1
10.95,0.02166,-0.12174,0.17795,1,1
11.0,0.00781,-0.13351,0.18228,1,1
11.05,0.0158,-0.13211,0.16465,1,1
11.1,0.01812,-0.14338,0.16818,1,1
11.15,0.01507,-0.15812,0.18655,1,1
11.2,0.02545,-0.14317,0.16995,1,1
11.25,0.00778,-0.14723,0.15576,1,1
11.3,0.01933,-0.14214,0.17677,1,1
11.35,0.01288,-0.15001,0.18307,1,1
11.4,0.02905,-0.15469,0.17212,1,1
11.45,0.01378,-0.15608,0.19381,1,1
11.5,0.01547,-0.17145,0.16856,1,1
11.55,-0.00202,-0.16063,0.16245,1,1
11.6,0.00687,-0.18668,0.16347,1,1
11.65,0.02515,-0.18301,0.15553,1,1
11.7,0.0215,-0.17628,0.17551,1,1
11.75,0.02737,-0.17591,0.15617,1,1
11.8,0.01897,-0.17376,0.16106,1,1
11.85,0.00606,-0.17066,0.16029,1,1
11.9,0.01657,-0.18444,0.17209,1,1
11.95,0.02352,-0.19083,0.16575,1,1
12.0,0.04257,-0.17651,0.16261,1,1
12.05,0.01009,-0.15574,0.14066,1,1
12.1,0.0178,-0.20311,0.1655,1,1
12.15,0.02592,-0.21322,0.1483,1,1
12.2,0.02737,-0.20496,0.12964,1,1
12.25,0.01484,-0.20896,0.13812,1,1
12.3,0.01706,-0.20003,0.12427,1,1
12.35,0.00512,-0.21756,0.14297,1,1
12.4,0.01686,-0.18952,0.12995,1,1
12.45,0.01111,-0.22401,0.12288,1,1
12.5,0.01112,-0.19466,0.10579,1,1
12.55,0.02985,-0.20651,0.10973,1,1
12.6,0.01322,-0.22654,0.10942,1,1
12.65,0.03206,-0.22592,0.08665,1,1
12.7,0.02385,-0.23589,0.07355,1,1
12.75,0.01656,-0.24612,0.09587,1,1
12.8,0.04309,-0.21584,0.07877,1,1
12.85,0.01907,-0.23015,0.08952,1,1
12.9,0.01965,-0.24105,0.09528,1,1
12.95,0.02285,-0.24705,0.06863,1,1
13.0,0.0298,-0.25497,0.05908,1,1
13.05,0.01241,-0.25007,0.07439,1,1
13.1,0.03155,-0.25073,0.04028,1,1
13.15,0.02107,-0.2418,0.03793,1,1
13.2,0.03874,-0.26852,0.03452,1,1
13.25,0.0417,-0.27732,0.04314,1,1
13.3,0.0058,-0.26059,0.02333,1,1
13.35,0.03258,-0.29365,-0.00036,1,1
13.4,0.01869,-0.26414,0.00362,1,1
13.45,0.02216,-0.27875,0.00227,1,1
13.5,0.0159,-0.26681,0.00581,1,1
13.55,0.03869,-0.27815,-0.00946,1,1
13.6,0.02483,-0.27685,-0.01308,1,1
13.65,0.00871,-0.27248,-0.02797,1,1
13.7,0.01474,-0.29436,-0.01344,1,1
13.75,0.02287,-0.26924,-0.02853,1,1
13.8,0.0072,-0.29381,-0.02984,1,1
13.85,0.01653,-0.29608,-0.04534,1,1
13.9,0.02236,-0.29749,-0.05288,1,1
13.95,0.01928,-0.31544,-0.0506,1,1
14.0,0.01589,-0.27864,-0.07306,1,1
14.05,0.00813,-0.28194,-0.08328,1,1
14.1,0.01748,-0.28994,-0.07651,1,1
14.15,0.00719,-0.29611,-0.08085,1,1
14.2,0.03648,-0.29417,-0.05415,1,1
14.25,0.00708,-0.3023,-0.10067,1,1
14.3,0.03497,-0.29588,-0.08785,1,1
14.35,0.01553,-0.31354,-0.12095,1,1
14.4,0.04027,-0.30297,-0.10841,1,1
14.45,0.03238,-0.30248,-0.10107,1,1
14.5,0.00666,-0.31905,-0.11375,1,1
14.55,0.02631,-0.30423,-0.13053,1,1
14.6,0.02387,-0.29362,-0.11812,1,1
14.65,0.03114,-0.31771,-0.1218,1,1
14.7,0.0403,-0.31828,-0.12153,1,1
14.75,0.01333,-0.31524,-0.12885,1,1
14.8,0.01438,-0.31193,-0.14859,1,1
14.85,0.01366,-0.32467,-0.1263,1,1
14.9,0.02461,-0.31703,-0.15654,1,1
14.95,0.02209,-0.33985,-0.15836,1,1
15.0,0.02946,-0.33014,-0.14137,1,1
15.05,0.01886,-0.33339,-0.14616,1,1
15.1,0.01418,-0.34823,-0.14877,1,1
15.15,0.02458,-0.35628,-0.16399,1,1
15.2,0.01617,-0.31875,-0.17418,1,1
15.25,0.01415,-0.34685,-0.17969,1,1
15.3,0.01271,-0.35363,-0.1815,1,1
15.35,0.0034,-0.35574,-0.18862,1,1
15.4,0.01399,-0.34907,-0.18692,1,1
15.45,0.02372,-0.34416,-0.18039,1,1
15.5,0.01403,-0.32917,-0.17487,1,1
15.55,0.02315,-0.37235,-0.18479,1,1
15.6,-0.0036,-0.35211,-0.17528,1,1
15.65,0.01108,-0.344,-0.18979,1,1
15.7,0.02329,-0.36604,-0.18251,1,1
15.75,0.02143,-0.34643,-0.18127,1,1
15.8,0.03633,-0.35719,-0.1844,1,1
15.85,-0.01098,-0.33659,-0.18325,1,1
15.9,0.00455,-0.34227,-0.16666,1,1
15.95,0.01707,-0.37101,-0.17406,1,1
16.0,0.00945,-0.36952,-0.16683,1,1
16.05,-0.00599,-0.35326,-0.17147,1,1
16.1,0.03551,-0.35678,-0.19524,1,1
16.15,0.0063,-0.36045,-0.16947,1,1
16.2,0.02413,-0.38173,-0.17449,1,1
16.25,0.02368,-0.34771,-0.15053,1,1
16.3,0.00973,-0.35316,-0.14978,1,1
16.35,0.02525,-0.35785,-0.15616,1,1
16.4,0.00501,-0.38049,-0.15195,1,1
16.45,0.00908,-0.3672,-0.16472,1,1
16.5,0.00826,-0.36547,-0.1661,1,1
16.55,0.0125,-0.36618,-0.15342,1,1
16.6,0.004,-0.3616,-0.1305,1,1
16.65,0.00505,-0.35791,-0.13673,1,1
16.7,-0.01585,-0.37862,-0.1482,1,1
16.75,0.01812,-0.36986,-0.13314,1,1
16.8,0.01627,-0.38144,-0.14123,1,1
16.85,-0.00271,-0.37483,-0.13067,1,1
16.9,0.01084,-0.38105,-0.11597,1,1
16.95,0.0179,-0.35893,-0.11333,1,1
17.0,0.01019,-0.36826,-0.1096,1,1
17.05,0.00142,-0.36266,-0.09363,1,1
17.1,0.0273,-0.37573,-0.10256,1,1
17.15,0.01129,-0.37661,-0.09446,1,1
17.2,0.00551,-0.379,-0.0778,1,1
17.25,0.00795,-0.37684,-0.08118,1,1
17.3,0.0074,-0.37502,-0.08514,1,1
17.35,-0.00672,-0.37863,-0.09028,1,1
17.4,0.00717,-0.3905,-0.06405,1,1
17.45,0.01214,-0.37621,-0.06843,1,1
17.5,0.00839,-0.39897,-0.07253,1,1
17.55,0.00232,-0.37615,-0.05642,1,1
17.6,-0.00665,-0.37851,-0.05415,1,1
17.65,-0.00772,-0.37677,-0.04565,1,1
17.7,0.01451,-0.37359,-0.03008,1,1
17.75,0.00534,-0.38886,-0.04061,1,1
17.8,-0.01301,-0.35175,-0.03585,1,1
17.85,-0.00082,-0.38425,-0.02163,1,1
17.9,-0.00499,-0.3994,-0.02254,1,1
17.95,-0.01348,-0.38203,-0.01312,1,1
18.0,-0.00687,0.00216,-0.00583,0,0
18.05,0.00932,-0.00386,0.00225,0,0
18.1,-0.01325,0.00657,-0.00405,0,0
18.15,0.00409,0.0033,-0.00173,0,0
18.2,0.00217,-0.00385,0.01346,0,0
18.25,0.00934,0.00482,-0.0118,0,0
18.3,-0.01099,-0.00664,-0.00245,0,0
18.35,0.00448,-0.00897,0.01177,0,0
18.4,4e-05,-0.02013,-0.00475,0,0
18.45,-0.02585,-0.00752,-0.00549,0,0
18.5,-0.0061,-0.00325,-0.00394,0,0
18.55,-0.00594,0.01502,0.01215,0,0
18.6,-0.01142,0.01254,-0.01621,0,0
18.65,-0.00815,0.01525,-0.0224,0,0
18.7,0.00575,-0.01253,-0.00144,0,0
18.75,-0.0018,0.01697,-0.00811,0,0
18.8,-0.00069,0.00627,-0.00252,0,0
18.85,-0.00822,-0.00059,0.00094,0,0
18.9,0.00884,-0.00943,-0.00449,0,0
18.95,0.00323,-0.00167,-0.00185,0,0
19.0,-0.00017,-0.00696,-0.008,0,0
19.05,0.00441,-0.01095,0.01165,0,0
19.1,0.00217,-0.01277,0.00283,0,0
19.15,0.00167,0.00762,0.01159,0,0
19.2,-0.00366,-0.00708,-0.00606,0,0
19.25,-0.00981,-0.00746,0.00285,0,0
19.3,0.00015,-0.00491,-0.00738,0,0
19.35,0.00348,-0.00502,-0.0104,0,0
19.4,-0.00152,-0.00264,-0.0107,0,0
19.45,0.00827,0.00846,0.00041,0,0
19.5,0.00131,0.00527,-0.00031,0,0
19.55,0.00891,0.01656,0.0008,0,0
19.6,0.0044,0.00873,-0.00338,0,0
19.65,-0.01128,0.00906,-0.01569,0,0
19.7,0.01789,0.0087,0.00188,0,0
19.75,0.00051,0.01751,-0.00946,0,0
19.8,-0.0116,-0.00598,-0.00262,0,0
19.85,-0.01006,0.00154,0.00136,0,0
19.9,-0.00814,0.01603,-0.01392,0,0
19.95,-0.01277,0.00376,-0.00207,0,0
20.0,0.00418,-0.00619,-0.01033,0,0
20.05,-0.00646,-0.00684,0.00525,0,0
20.1,-0.0048,0.00761,0.00588,0,0
20.15,0.01041,0.00901,0.00784,0,0
20.2,0.0077,-0.00517,-0.00262,0,0
20.25,-0.0183,0.00292,-0.00674,0,0
20.3,0.00402,0.00527,-0.01352,0,0
20.35,-0.01014,-0.00349,-0.00518,0,0
20.4,0.00167,-0.01155,0.00047,0,0
20.45,-0.01688,-0.02155,0.00717,0,0
20.5,-0.01305,-0.0056,-0.01417,0,0
20.55,-0.01409,-0.00399,-0.0041,0,0
20.6,0.00983,0.0045,-0.00261,0,0
20.65,0.00758,0.01117,0.00411,0,0
20.7,-0.00406,0.01019,0.01769,0,0
20.75,0.00661,0.01771,0.00927,0,0
20.8,0.00849,-0.0109,-0.01114,0,0
20.85,-0.00049,-0.01669,-0.00593,0,0
20.9,0.00867,-0.00665,0.00533,0,0
20.95,-0.01351,-0.00494,0.01023,0,0
21.0,0.00209,0.35495,0.01705,2,1
21.05,0.01259,0.34326,0.01922,2,1
21.1,-0.00691,0.35182,0.01223,2,1
21.15,0.0096,0.34064,0.02261,2,1
21.2,0.00373,0.35996,0.02199,2,1
21.25,0.00815,0.34462,0.04154,2,1
21.3,0.00126,0.3376,0.04008,2,1
21.35,-0.00085,0.34788,0.03454,2,1
21.4,-0.00542,0.33683,0.06466,2,1
21.45,-0.01467,0.34443,0.065,2,1
21.5,0.00209,0.35801,0.07445,2,1
21.55,-0.00726,0.34008,0.0734,2,1
21.6,0.00346,0.34699,0.0579,2,1
21.65,0.00751,0.35571,0.06234,2,1
21.7,0.00255,0.33521,0.07668,2,1
21.75,-0.01685,0.34288,0.07851,2,1
21.8,-0.01211,0.35612,0.09503,2,1
21.85,-5e-05,0.35939,0.0935,2,1
21.9,-0.0059,0.35342,0.11932,2,1
21.95,0.00193,0.3614,0.11735,2,1
22.0,0.00315,0.32925,0.12077,2,1
22.05,-0.00565,0.34714,0.11135,2,1
22.1,-0.01238,0.35023,0.12956,2,1
22.15,-0.02346,0.34769,0.11995,2,1
22.2,-0.01834,0.34886,0.12653,2,1
22.25,-0.01577,0.33664,0.13674,2,1
22.3,-0.00962,0.33278,0.12948,2,1
22.35,-0.01169,0.3471,0.1312,2,1
22.4,-0.00532,0.33413,0.17262,2,1
22.45,-0.01995,0.33377,0.15076,2,1
22.5,-0.01989,0.34923,0.17015,2,1
22.55,-0.01508,0.34193,0.1501,2,1
22.6,-0.01153,0.35375,0.16719,2,1
22.65,-0.02089,0.35409,0.17265,2,1
22.7,-0.00731,0.33122,0.1643,2,1
22.75,-0.02044,0.34165,0.1629,2,1
22.8,-0.03515,0.34537,0.17022,2,1
22.85,-0.00232,0.33385,0.17223,2,1
22.9,-0.00226,0.33818,0.17509,2,1
22.95,0.01843,0.33167,0.17556,2,1
23.0,0.00333,0.32435,0.16492,2,1
23.05,-0.02863,0.33675,0.18286,2,1
23.1,-0.00718,0.31687,0.18773,2,1
23.15,-0.00291,0.3284,0.17886,2,1
23.2,-0.00841,0.33199,0.18563,2,1
23.25,-0.0263,0.3255,0.16755,2,1
23.3,-0.0094,0.33145,0.17895,2,1
23.35,-0.01302,0.30946,0.18858,2,1
23.4,-0.02092,0.32516,0.19101,2,1
23.45,-0.02407,0.33468,0.18075,2,1
23.5,-0.01648,0.32707,0.16649,2,1
23.55,-0.01107,0.32091,0.18858,2,1
23.6,-0.01943,0.31543,0.18096,2,1
23.65,-0.01809,0.30606,0.17418,2,1
23.7,-0.00506,0.31559,0.16606,2,1
23.75,-0.01081,0.29668,0.15202,2,1
23.8,-0.01823,0.3157,0.17369,2,1
23.85,-0.02734,0.31104,0.15557,2,1
23.9,-0.01643,0.29502,0.16594,2,1
23.95,-0.01622,0.29221,0.15989,2,1
24.0,-0.01116,0.32385,0.14758,2,1
24.05,-0.01584,0.29457,0.14649,2,1
24.1,-0.00348,0.31215,0.14904,2,1
24.15,-0.01743,0.31041,0.15585,2,1
24.2,0.00267,0.30855,0.1209,2,1
24.25,-0.02289,0.2936,0.14541,2,1
24.3,-0.02002,0.29291,0.13305,2,1
24.35,-0.00669,0.30383,0.13348,2,1
24.4,-0.01369,0.30303,0.149,2,1
24.45,-0.03119,0.30247,0.12622,2,1
24.5,-0.00924,0.29112,0.10541,2,1
24.55,-0.02058,0.27355,0.12164,2,1
24.6,-0.02165,0.28571,0.10449,2,1
24.65,-0.03236,0.27959,0.11229,2,1
24.7,-0.00844,0.29342,0.10533,2,1
24.75,-0.0087,0.27092,0.11206,2,1
24.8,-0.02331,0.28522,0.10664,2,1
24.85,-0.02846,0.2891,0.09509,2,1
24.9,0.00235,0.27625,0.10269,2,1
24.95,-0.01539,0.26575,0.09832,2,1
25.0,-0.03255,0.25334,0.08787,2,1
25.05,-0.01134,0.27433,0.07126,2,1
25.1,-0.00627,0.27907,0.06177,2,1
25.15,-0.01486,0.25763,0.05711,2,1
25.2,-0.03275,0.24616,0.04523,2,1
25.25,-0.01007,0.25526,0.04574,2,1
25.3,-0.03396,0.27295,0.04543,2,1
25.35,-0.01749,0.26127,0.02784,2,1
25.4,-0.03217,0.26872,0.03306,2,1
25.45,-0.01472,0.22673,0.03878,2,1
25.5,-0.02743,0.27807,0.01659,2,1
25.55,-0.02223,0.26091,0.00693,2,1
25.6,-0.0138,0.2458,0.02255,2,1
25.65,-0.0146,0.25514,-0.00362,2,1
25.7,-0.02464,0.2511,-0.02275,2,1
25.75,-0.02804,0.25537,-0.02114,2,1
25.8,-0.00972,0.23759,-0.01125,2,1
25.85,-0.03397,0.24657,-0.01587,2,1
25.9,-0.01111,0.25312,-0.01395,2,1
25.95,-0.02035,0.22514,-0.01921,2,1
26.0,-0.03544,0.23083,-0.031,2,1
26.05,-0.01792,0.24894,-0.04429,2,1
26.1,-0.03921,0.22803,-0.04834,2,1
26.15,-0.02576,0.24267,-0.05833,2,1
26.2,-0.03655,0.23096,-0.07304,2,1
26.25,-0.00512,0.22672,-0.08124,2,1
26.3,-0.01125,0.24543,-0.09281,2,1
26.35,-0.01293,0.22427,-0.0765,2,1
26.4,-0.01844,0.22203,-0.09058,2,1
26.45,-0.00767,0.20128,-0.06937,2,1
26.5,-0.00641,0.20057,-0.09421,2,1
26.55,-0.00738,0.20516,-0.10087,2,1
26.6,-0.02549,0.21937,-0.11031,2,1
26.65,-0.02145,0.2107,-0.11117,2,1
26.7,-0.02989,0.18948,-0.12902,2,1
26.75,-0.03289,0.18326,-0.12572,2,1
26.8,-0.01796,0.19858,-0.1312,2,1
26.85,-0.031,0.18565,-0.14116,2,1
26.9,-0.03303,0.20027,-0.14552,2,1
26.95,-0.02034,0.18447,-0.11125,2,1
27.0,-0.03832,0.19009,-0.14277,2,1
27.05,-0.0279,0.1888,-0.14161,2,1
27.1,-0.03071,0.1874,-0.14286,2,1
27.15,-0.00675,0.17451,-0.13546,2,1
27.2,-0.02163,0.1583,-0.14818,2,1
27.25,-0.02029,0.16669,-0.14715,2,1
27.3,-0.024,0.18311,-0.16021,2,1
27.35,-0.01158,0.17716,-0.15737,2,1
27.4,-0.0292,0.17697,-0.16442,2,1
27.45,0.00135,0.16996,-0.15947,2,1
27.5,-0.02611,0.15849,-0.16818,2,1
27.55,-0.02994,0.14823,-0.1722,2,1
27.6,-0.01879,0.15931,-0.16172,2,1
27.65,-0.02179,0.16145,-0.17592,2,1
27.7,-0.01949,0.15456,-0.19654,2,1
27.75,-0.01664,0.14293,-0.18635,2,1
27.8,-0.03593,0.14221,-0.19682,2,1
27.85,-0.00811,0.14155,-0.19565,2,1
27.9,-0.0233,0.14879,-0.18537,2,1
27.95,-0.01911,0.13484,-0.18108,2,1
28.0,-0.03304,0.13536,-0.18556,2,1
28.05,0.01377,0.13095,-0.18452,2,1
28.1,-0.00561,0.12878,-0.17721,2,1
28.15,-0.02396,0.14315,-0.18559,2,1
28.2,-0.01119,0.13616,-0.18173,2,1
28.25,-0.01466,0.12794,-0.17103,2,1
28.3,-0.02527,0.12111,-0.18628,2,1
28.35,-0.02153,0.11003,-0.16344,2,1
28.4,0.00219,0.13977,-0.17474,2,1
28.45,-0.02189,0.10123,-0.15648,2,1
28.5,-0.02855,0.10494,-0.1764,2,1
28.55,0.00464,0.09516,-0.15771,2,1
28.6,0.00058,0.10081,-0.16187,2,1
28.65,-0.02762,0.09876,-0.16629,2,1
28.7,-0.03771,0.10096,-0.15802,2,1
28.75,-0.02853,0.07984,-0.16631,2,1
28.8,-0.01656,0.08805,-0.16547,2,1
28.85,-0.02101,0.09132,-0.15753,2,1
28.9,-0.01167,0.0831,-0.14492,2,1
28.95,-0.01181,0.09114,-0.14502,2,1
29.0,-0.00104,0.09212,-0.15704,2,1
29.05,-0.00037,0.0946,-0.14839,2,1
29.1,-0.00957,0.07032,-0.13032,2,1
29.15,-0.0037,0.0643,-0.11752,2,1
29.2,-0.01712,0.06672,-0.11619,2,1
29.25,0.01133,0.06007,-0.11423,2,1
29.3,-0.00565,0.04647,-0.12709,2,1
29.35,-0.01954,0.05435,-0.11707,2,1
29.4,-0.00686,0.06925,-0.10391,2,1
29.45,0.01976,0.05112,-0.09535,2,1
29.5,-0.00227,0.0657,-0.10202,2,1
29.55,0.0024,0.064,-0.10033,2,1
29.6,-0.00643,0.04982,-0.09225,2,1
29.65,-0.01407,0.06018,-0.08487,2,1
29.7,0.01239,0.03383,-0.07924,2,1
29.75,0.00339,0.03392,-0.08065,2,1
29.8,-0.01141,0.03576,-0.07274,2,1
29.85,-0.00296,0.00752,-0.06601,2,1
29.9,-0.00527,0.02202,-0.06464,2,1
29.95,-0.01193,0.02491,-0.03405,2,1
30.0,-0.0167,0.01849,-0.03331,2,1
30.05,0.001,0.01737,-0.04169,2,1
30.1,-0.00183,0.01435,-0.05312,2,1
30.15,-0.00874,-0.00709,-0.01238,2,1
30.2,0.00702,0.00157,-0.01125,2,1
30.25,0.02365,0.00027,-0.00029,2,1
30.3,0.00317,0.00118,-0.01831,2,1
30.35,-0.00563,-0.00336,-0.02437,2,1
30.4,0.00561,-0.00558,0.00943,2,1
30.45,-0.00351,0.02467,-0.0057,2,1
30.5,-0.00827,-0.00122,0.04048,2,1
30.55,-0.00849,0.00707,0.01373,2,1
30.6,0.01475,-0.01342,0.05117,2,1
30.65,0.02001,-0.0236,0.06418,2,1
30.7,-0.00868,-0.02321,0.05881,2,1
30.75,-0.00441,-0.02944,0.04789,2,1
30.8,0.00784,-0.0221,0.04494,2,1
30.85,0.00566,-0.02254,0.07318,2,1
30.9,0.00734,-0.04439,0.06411,2,1
30.95,-0.00177,-0.02161,0.05269,2,1
31.0,0.0104,-0.04839,0.0877,2,1
31.05,0.01288,-0.03848,0.08547,2,1
31.1,0.00217,-0.03685,0.08529,2,1
31.15,0.01322,-0.04595,0.06623,2,1
31.2,0.00113,-0.03429,0.11073,2,1
31.25,0.00768,-0.05365,0.0979,2,1
31.3,0.0133,-0.04951,0.0964,2,1
31.35,0.01397,-0.04589,0.10146,2,1
31.4,0.00584,-0.0565,0.12293,2,1
31.45,0.00385,-0.06933,0.11562,2,1
31.5,0.01226,-0.06265,0.1245,2,1
31.55,-0.00488,-0.08074,0.13534,2,1
31.6,-0.0031,-0.07047,0.12951,2,1
31.65,0.00343,-0.07535,0.15387,2,1
31.7,0.01268,-0.08146,0.12621,2,1
31.75,0.01526,-0.07001,0.1507,2,1
31.8,0.02213,-0.07948,0.1351,2,1
31.85,0.01035,-0.08187,0.1587,2,1
31.9,0.0062,-0.09061,0.15832,2,1
31.95,0.02417,-0.08277,0.16413,2,1
32.0,0.01575,-0.10593,0.14948,2,1
32.05,0.01119,-0.0881,0.16709,2,1
32.1,0.01803,-0.11636,0.15098,2,1
32.15,0.02394,-0.10452,0.15473,2,1
32.2,0.02187,-0.10441,0.19947,2,1
32.25,0.02585,-0.10633,0.17034,2,1
32.3,0.01598,-0.11363,0.15916,2,1
32.35,0.02323,-0.11265,0.14751,2,1
32.4,0.00789,-0.12647,0.18617,2,1
32.45,0.0141,-0.10609,0.16156,2,1
32.5,0.00407,-0.11306,0.17183,2,1
32.55,0.00452,-0.13176,0.17149,2,1
32.6,0.02078,-0.11806,0.16373,2,1
32.65,0.01275,-0.13185,0.18072,2,1
32.7,0.02426,-0.13352,0.1742,2,1
32.75,0.00508,-0.15569,0.17619,2,1
32.8,0.0166,-0.13094,0.17582,2,1
32.85,0.03995,-0.14363,0.17425,2,1
32.9,0.02077,-0.15527,0.18047,2,1
32.95,-0.00343,-0.14148,0.17814,2,1
33.0,0.01956,-0.14937,0.16362,2,1
33.05,0.0087,-0.13792,0.18,2,1
33.1,0.01195,-0.15202,0.17763,2,1
33.15,0.03769,-0.14777,0.17596,2,1
33.2,0.01388,-0.14367,0.16894,2,1
33.25,0.00988,-0.17633,0.15925,2,1
33.3,0.01516,-0.15908,0.17473,2,1
33.35,0.03051,-0.1678,0.17145,2,1
33.4,0.0418,-0.16281,0.17652,2,1
33.45,0.00429,-0.1819,0.15015,2,1
33.5,-0.00718,-0.17631,0.16859,2,1
33.55,0.01442,-0.17764,0.14294,2,1
33.6,0.01503,-0.17927,0.13618,2,1
33.65,0.03186,-0.20384,0.14784,2,1
33.7,0.01538,-0.17226,0.14856,2,1
33.75,-0.00039,-0.21388,0.12709,2,1
33.8,0.01559,-0.19402,0.13342,2,1
33.85,0.02749,-0.20826,0.11097,2,1
33.9,0.02343,-0.20067,0.12366,2,1
33.95,0.01462,-0.20123,0.13513,2,1
34.0,0.00494,-0.21418,0.12212,2,1
34.05,0.03697,-0.20639,0.09838,2,1
34.1,0.00141,-0.20413,0.0937,2,1
34.15,0.04329,-0.1857,0.10352,2,1
34.2,0.0265,-0.21267,0.10762,2,1
34.25,0.02171,-0.21321,0.10465,2,1
34.3,0.0281,-0.19487,0.06941,2,1
34.35,0.01637,-0.22754,0.08884,2,1
34.4,0.01708,-0.21479,0.06328,2,1
34.45,0.02115,-0.20014,0.08582,2,1
34.5,0.00338,-0.22174,0.07209,2,1
34.55,0.01729,-0.23867,0.06476,2,1
34.6,0.02329,-0.22436,0.05082,2,1
34.65,0.04565,-0.24126,0.04163,2,1
34.7,0.02753,-0.22701,0.02694,2,1
34.75,0.0354,-0.25111,0.03488,2,1
34.8,0.01939,-0.24578,0.04021,2,1
34.85,-0.00099,-0.24818,0.01387,2,1
34.9,0.03125,-0.22751,0.02465,2,1
34.95,0.03647,-0.26739,0.0125,2,1
35.0,0.0087,-0.25101,0.00728,2,1
35.05,0.02348,-0.23559,-0.02099,2,1
35.1,0.01417,-0.26623,-0.02364,2,1
35.15,0.03257,-0.25166,0.00229,2,1
35.2,0.03435,-0.25485,-0.02899,2,1
35.25,0.03239,-0.26447,-0.03728,2,1
35.3,0.01094,-0.25834,-0.0186,2,1
35.35,0.02294,-0.2493,-0.03627,2,1
35.4,0.0181,-0.2363,-0.02487,2,1
35.45,0.02429,-0.27378,-0.06501,2,1
35.5,0.02628,-0.26994,-0.05003,2,1
35.55,0.02543,-0.26494,-0.049,2,1
35.6,0.02528,-0.27843,-0.07379,2,1
35.65,0.02789,-0.28379,-0.06448,2,1
35.7,0.02912,-0.27536,-0.08498,2,1
35.75,0.00413,-0.288,-0.09884,2,1
35.8,0.02207,-0.283,-0.09711,2,1
35.85,0.03043,-0.27908,-0.09264,2,1
35.9,0.02718,-0.27178,-0.11427,2,1
35.95,0.02855,-0.30199,-0.11119,2,1
36.0,0.03149,-0.27873,-0.10149,2,1
36.05,0.02307,-0.27323,-0.12831,2,1
36.1,0.01807,-0.28858,-0.09719,2,1
36.15,0.03125,-0.28035,-0.12966,2,1
36.2,0.04334,-0.28767,-0.13648,2,1
36.25,0.04415,-0.30829,-0.13934,2,1
36.3,0.01821,-0.30544,-0.12946,2,1
36.35,0.02316,-0.29609,-0.11972,2,1
36.4,0.00388,-0.28514,-0.15068,2,1
36.45,0.03468,-0.2813,-0.12303,2,1
36.5,0.01797,-0.31352,-0.14622,2,1
36.55,0.01916,-0.32102,-0.14542,2,1
36.6,0.01029,-0.29046,-0.14623,2,1
36.65,0.01651,-0.30598,-0.16124,2,1
36.7,0.01455,-0.27681,-0.17093,2,1
36.75,0.01947,-0.2993,-0.16799,2,1
36.8,0.01243,-0.32391,-0.15461,2,1
36.85,0.02562,-0.3073,-0.18382,2,1
36.9,0.02332,-0.3105,-0.17412,2,1
36.95,0.00429,-0.31525,-0.18126,2,1
37.0,0.01863,-0.31537,-0.17756,2,1
37.05,0.02642,-0.31795,-0.17031,2,1
37.1,0.02154,-0.30848,-0.18647,2,1
37.15,0.01366,-0.31059,-0.17632,2,1
37.2,0.02812,-0.31358,-0.18313,2,1
37.25,0.02542,-0.32481,-0.16975,2,1
37.3,0.03489,-0.31249,-0.15685,2,1
37.35,0.00058,-0.33005,-0.18263,2,1
37.4,0.01182,-0.32197,-0.18366,2,1
37.45,0.02661,-0.31696,-0.17567,2,1
37.5,0.00516,-0.32242,-0.17267,2,1
37.55,0.01854,-0.32866,-0.16483,2,1
37.6,0.00923,-0.33367,-0.17137,2,1
37.65,0.01973,-0.32249,-0.17989,2,1
37.7,0.00099,-0.34439,-0.18019,2,1
37.75,0.02176,-0.32506,-0.19264,2,1
37.8,0.01887,-0.3348,-0.18331,2,1
37.85,0.03514,-0.33221,-0.16284,2,1
37.9,0.0386,-0.34156,-0.17311,2,1
37.95,0.0275,-0.3497,-0.16624,2,1
38.0,0.01276,-0.32778,-0.16058,2,1
38.05,0.00285,-0.32859,-0.15365,2,1
38.1,0.00115,-0.34599,-0.16464,2,1
38.15,-0.00016,-0.32925,-0.15972,2,1
38.2,0.00822,-0.35103,-0.15736,2,1
38.25,0.02552,-0.3339,-0.16634,2,1
38.3,0.00044,-0.33574,-0.15173,2,1
38.35,0.00447,-0.35139,-0.15648,2,1
38.4,0.01061,-0.34725,-0.12803,2,1
38.45,0.00865,-0.35373,-0.12859,2,1
38.5,0.02243,-0.35205,-0.1485,2,1
38.55,0.00383,-0.35878,-0.11086,2,1
38.6,-0.00561,-0.34912,-0.1082,2,1
38.65,0.01663,-0.35152,-0.12629,2,1
38.7,0.00575,-0.3493,-0.09888,2,1
38.75,0.00566,-0.36089,-0.09924,2,1
38.8,0.01721,-0.35013,-0.09651,2,1
38.85,0.007,-0.36037,-0.10006,2,1
38.9,-0.00532,-0.35506,-0.10354,2,1
38.95,0.00909,-0.34724,-0.10215,2,1
39.0,-0.00381,-0.34951,-0.07901,2,1
39.05,0.00575,-0.37189,-0.06539,2,1
39.1,0.02238,-0.3343,-0.06733,2,1
39.15,0.011,-0.35698,-0.06532,2,1
39.2,-0.00739,-0.34949,-0.07586,2,1
39.25,0.00939,-0.3545,-0.04818,2,1
39.3,0.00499,-0.35577,-0.04165,2,1
39.35,-0.00894,-0.35401,-0.04962,2,1
39.4,0.00986,-0.35229,-0.03567,2,1
39.45,0.00729,-0.37514,-0.04171,2,1
39.5,0.00282,-0.34168,-0.02076,2,1
39.55,0.01439,-0.35412,-0.01949,2,1
39.6,-0.00409,-0.35633,-0.02279,2,1
39.65,-0.0049,-0.35393,-0.01497,2,1
39.7,0.00027,-0.01819,0.00428,0,0
39.75,0.00177,0.00446,-0.00463,0,0
39.8,-0.00508,0.00982,-0.00155,0,0
39.85,0.01987,-0.01406,-0.00247,0,0
39.9,-0.01127,-0.00787,-0.0079,0,0
39.95,-0.00481,0.00783,-0.01144,0,0
40.0,0.0061,-0.01441,-0.00406,0,0
40.05,0.0132,0.00462,0.00272,0,0
40.1,0.0063,0.00576,0.00628,0,0
40.15,0.01404,-0.01038,-0.00071,0,0
40.2,0.00637,0.0075,0.00558,0,0
40.25,0.01307,-0.00501,-0.0135,0,0
40.3,0.01272,-1e-05,-0.00549,0,0
40.35,0.00036,-0.00432,0.01006,0,0
40.4,0.0089,0.00312,0.00541,0,0
40.45,0.00033,0.01027,-0.02363,0,0
40.5,-0.01168,-0.0004,-0.00413,0,0
40.55,-0.00951,0.0062,-0.00978,0,0
40.6,0.00217,0.00124,0.00058,0,0
40.65,-0.00829,-0.00193,0.01227,0,0
40.7,0.00544,0.00963,-0.0008,0,0
40.75,-0.01702,-0.00466,-0.00151,0,0
40.8,0.01302,0.01136,0.00425,0,0
40.85,-0.00857,0.00128,-0.00262,0,0
40.9,-0.00244,-0.01234,0.00464,0,0
40.95,-0.0003,0.00804,-0.01462,0,0
41.0,-0.01127,0.03646,-0.0088,0,0
41.05,0.00288,0.00438,-0.00982,0,0
41.1,0.01728,-0.00066,0.00149,0,0
41.15,0.01818,-0.00791,-0.00488,0,0
41.2,-0.00346,-0.01373,0.00276,0,0
41.25,0.00473,0.00183,0.00656,0,0
41.3,0.00866,0.00339,-0.00241,0,0
41.35,0.0122,-0.00697,0.01396,0,0
41.4,-0.00193,0.00765,0.01827,0,0
41.45,-0.02265,-0.00192,-0.00404,0,0
41.5,0.01707,-0.00407,0.02729,0,0
41.55,-0.01528,0.0035,-0.00386,0,0
41.6,0.00505,-0.00565,-0.00451,0,0
41.65,-0.01823,0.00108,-0.01498,0,0
41.7,-0.0131,0.00087,-0.00121,0,0
41.75,0.01027,-0.01353,0.00421,0,0
41.8,0.00323,-0.00302,-0.00804,0,0
41.85,-0.00079,0.00884,-0.00374,0,0
41.9,0.00847,-0.00274,0.01725,0,0
41.95,0.00027,-0.00176,-0.01611,0,0
42.0,-0.01427,0.00381,-0.00227,0,0
42.05,0.00281,-0.00685,-0.0015,0,0
42.1,-0.00624,0.00295,-0.00218,0,0
42.15,0.01865,-0.00688,0.01119,0,0
42.2,-0.01054,-0.00465,-0.00842,0,0
42.25,0.0126,0.00437,0.00137,0,0
42.3,0.00234,-0.01084,0.01403,0,0
42.35,0.0139,-0.00034,0.00013,0,0
42.4,0.00649,-0.00175,-0.002,0,0
42.45,-0.00493,-0.00346,-0.00476,0,0
42.5,0.0073,-0.00328,-0.00428,0,0
42.55,-0.00627,-0.01499,0.0156,0,0
42.6,0.00509,0.00867,-0.0053,0,0
42.65,0.01457,0.00145,0.01453,0,0
42.7,-0.00013,0.326,-0.00528,3,1
42.75,0.00044,0.32869,0.02074,3,1
42.8,0.01472,0.32731,0.02382,3,1
42.85,-0.02819,0.32165,0.01992,3,1
42.9,0.00752,0.33051,0.02265,3,1
42.95,-0.0063,0.31819,0.04798,3,1
43.0,0.0092,0.33914,0.03479,3,1
43.05,-0.0077,0.33148,0.04013,3,1
43.1,-0.00397,0.32552,0.0397,3,1
43.15,-0.01174,0.32316,0.03777,3,1
43.2,0.00262,0.33377,0.04947,3,1
43.25,-0.02197,0.3291,0.06504,3,1
43.3,-0.00382,0.31157,0.0489,3,1
43.35,0.01276,0.32249,0.07847,3,1
43.4,-0.00539,0.3285,0.06591,3,1
43.45,-0.00947,0.3105,0.07302,3,1
43.5,-0.01243,0.30566,0.08438,3,1
43.55,-0.01278,0.31151,0.09267,3,1
43.6,-0.00611,0.31463,0.11903,3,1
43.65,0.00087,0.33383,0.10044,3,1
43.7,0.0023,0.32985,0.09823,3,1
43.75,-0.01378,0.35091,0.10889,3,1
43.8,-0.0024,0.31916,0.12579,3,1
43.85,-0.01753,0.31078,0.13316,3,1
43.9,-0.00592,0.29556,0.12627,3,1
43.95,-0.01003,0.32692,0.13334,3,1
44.0,-0.0051,0.32015,0.13698,3,1
44.05,-0.02036,0.31056,0.12936,3,1
44.1,-0.02255,0.32601,0.15233,3,1
44.15,-0.0033,0.31152,0.1397,3,1
44.2,-0.01414,0.32803,0.15371,3,1
44.25,0.00735,0.30657,0.1494,3,1
44.3,-0.02294,0.30143,0.15316,3,1
44.35,-0.01398,0.30979,0.14225,3,1
44.4,-0.00894,0.31137,0.16948,3,1
44.45,-0.00569,0.30036,0.16685,3,1
44.5,-0.01747,0.32806,0.16498,3,1
44.55,-0.0168,0.3079,0.15249,3,1
44.6,0.00071,0.33238,0.15224,3,1
44.65,-0.01483,0.30927,0.16546,3,1
44.7,-0.00041,0.32202,0.17064,3,1
44.75,0.00786,0.30903,0.17218,3,1
44.8,-0.01032,0.30037,0.19045,3,1
44.85,-0.00721,0.30339,0.1752,3,1
44.9,-0.02271,0.30866,0.16508,3,1
44.95,-0.01386,0.29993,0.18445,3,1
45.0,-0.00371,0.31203,0.17814,3,1
45.05,-0.02148,0.30019,0.17959,3,1
45.1,-0.00975,0.29652,0.17029,3,1
45.15,-0.01313,0.31478,0.19871,3,1
45.2,-0.00717,0.29027,0.1939,3,1
45.25,-0.02379,0.29142,0.18373,3,1
45.3,-0.02937,0.30607,0.17838,3,1
45.35,-0.01179,0.28874,0.18665,3,1
45.4,-0.01087,0.29223,0.18672,3,1
45.45,-0.04282,0.29836,0.17509,3,1
45.5,-0.02438,0.29537,0.17987,3,1
45.55,-0.02401,0.29124,0.17299,3,1
45.6,-0.01291,0.30352,0.16712,3,1
45.65,-0.00387,0.27701,0.17293,3,1
45.7,-0.03443,0.28955,0.17514,3,1
45.75,0.00281,0.28809,0.15825,3,1
45.8,-0.00734,0.28675,0.16436,3,1
45.85,-0.00861,0.29599,0.14353,3,1
45.9,-0.01744,0.2836,0.14746,3,1
45.95,-0.03437,0.28178,0.15066,3,1
46.0,-0.02554,0.27974,0.14877,3,1
46.05,-0.01828,0.29554,0.1488,3,1
46.1,0.00019,0.29084,0.15544,3,1
46.15,-0.02605,0.27408,0.13307,3,1
46.2,-0.01475,0.27494,0.14305,3,1
46.25,-0.01602,0.27586,0.13128,3,1
46.3,-0.02891,0.26833,0.13809,3,1
46.35,-0.02095,0.27069,0.13555,3,1
46.4,-0.01457,0.25506,0.12187,3,1
46.45,-0.02828,0.26778,0.12226,3,1
46.5,-0.01458,0.28344,0.1089,3,1
46.55,-0.02274,0.27102,0.11897,3,1
46.6,-0.03021,0.2706,0.11132,3,1
46.65,-0.0215,0.25936,0.10721,3,1
46.7,-0.01582,0.26459,0.08767,3,1
46.75,-0.0374,0.25805,0.08729,3,1
46.8,-0.01568,0.24973,0.09126,3,1
46.85,-0.01625,0.24834,0.08919,3,1
46.9,-0.02385,0.24713,0.07699,3,1
46.95,-0.02064,0.24338,0.07535,3,1
47.0,-0.02064,0.24317,0.04621,3,1
47.05,-0.01635,0.25005,0.05947,3,1
47.1,-0.00689,0.22244,0.06543,3,1
47.15,-0.00707,0.23581,0.0573,3,1
47.2,-0.02887,0.23344,0.0405,3,1
47.25,-0.00251,0.24572,0.03633,3,1
47.3,-0.01196,0.2341,0.04509,3,1
47.35,-0.00514,0.24283,0.01648,3,1
47.4,-0.01014,0.23967,0.02502,3,1
47.45,-0.00951,0.23927,0.00376,3,1
47.5,-0.00599,0.23586,0.01022,3,1
47.55,-0.01474,0.23433,0.00864,3,1
47.6,-0.01892,0.22756,-0.01016,3,1
47.65,-0.026,0.22457,-0.00057,3,1
47.7,-0.02424,0.22444,-0.01728,3,1
47.75,-0.01551,0.23013,-0.00231,3,1
47.8,-0.03476,0.21943,-0.02208,3,1
47.85,-0.03765,0.23718,-0.03471,3,1
47.9,-0.02871,0.22752,-0.06122,3,1
47.95,-0.0186,0.20592,-0.04505,3,1
48.0,-0.01694,0.22178,-0.0464,3,1
48.05,0.00023,0.21247,-0.05948,3,1
48.1,-0.00831,0.20919,-0.05738,3,1
48.15,-0.05989,0.21234,-0.06775,3,1
48.2,-0.0248,0.19921,-0.06333,3,1
48.25,-0.04079,0.23521,-0.06611,3,1
48.3,-0.0166,0.22065,-0.08011,3,1
48.35,-0.02917,0.20984,-0.10434,3,1
48.4,-0.01413,0.20945,-0.08766,3,1
48.45,-0.03455,0.19742,-0.09917,3,1
48.5,-0.02736,0.17013,-0.11462,3,1
48.55,-0.02484,0.20237,-0.07996,3,1
48.6,-0.01116,0.18109,-0.11631,3,1
48.65,-0.00879,0.19295,-0.11268,3,1
48.7,-0.01711,0.19664,-0.0986,3,1
48.75,-0.01927,0.18405,-0.12016,3,1
48.8,-0.02386,0.15834,-0.12438,3,1
48.85,-0.02644,0.19123,-0.13147,3,1
48.9,-0.00399,0.16727,-0.12583,3,1
48.95,-0.03514,0.18299,-0.14321,3,1
49.0,-0.0093,0.1678,-0.13756,3,1
49.05,-0.01349,0.17296,-0.14335,3,1
49.1,-0.00155,0.16125,-0.13699,3,1
49.15,-0.02174,0.17666,-0.13071,3,1
49.2,-0.02601,0.14075,-0.1554,3,1
49.25,-0.02477,0.15475,-0.16309,3,1
49.3,-0.02301,0.17202,-0.15114,3,1
49.35,-0.0059,0.17852,-0.17252,3,1
49.4,-0.04227,0.17331,-0.16456,3,1
49.45,-0.01767,0.13271,-0.18266,3,1
49.5,-0.01,0.14696,-0.19257,3,1
49.55,-0.02612,0.15653,-0.15998,3,1
49.6,-0.01437,0.17202,-0.16404,3,1
49.65,0.0018,0.15463,-0.16736,3,1
49.7,-0.02948,0.12292,-0.18426,3,1
49.75,-0.01329,0.13654,-0.17409,3,1
49.8,-0.01585,0.13891,-0.16877,3,1
49.85,-0.01535,0.12884,-0.20548,3,1
49.9,-0.00647,0.12157,-0.18879,3,1
49.95,-0.00629,0.13606,-0.17314,3,1
50.0,-0.0052,0.1135,-0.18229,3,1
50.05,-0.01998,0.1393,-0.17123,3,1
50.1,-0.01668,0.12796,-0.1758,3,1
50.15,-0.01516,0.12176,-0.17053,3,1
50.2,-0.01516,0.10212,-0.1748,3,1
50.25,-0.01612,0.10069,-0.18515,3,1
50.3,-0.01572,0.10994,-0.17078,3,1
50.35,-0.01508,0.11168,-0.17888,3,1
50.4,-0.00724,0.10871,-0.16802,3,1
50.45,0.00195,0.09935,-0.18803,3,1
50.5,-0.01293,0.10777,-0.17006,3,1
50.55,-0.00869,0.07993,-0.17668,3,1
50.6,-0.00621,0.10242,-0.17369,3,1
50.65,-0.00764,0.085,-0.17539,3,1
50.7,-0.01032,0.09175,-0.15741,3,1
50.75,-0.00344,0.10381,-0.14922,3,1
50.8,-0.01405,0.09389,-0.17056,3,1
50.85,-0.00915,0.09248,-0.1461,3,1
50.9,-0.00157,0.09849,-0.15715,3,1
50.95,-0.00161,0.07589,-0.13529,3,1
51.0,-0.00808,0.08208,-0.12751,3,1
51.05,-0.00264,0.06959,-0.14305,3,1
51.1,-0.01559,0.07949,-0.1225,3,1
51.15,-0.01078,0.04844,-0.13806,3,1
51.2,-0.00369,0.05448,-0.14727,3,1
51.25,-0.01216,0.04096,-0.12027,3,1
51.3,-0.01141,0.05937,-0.10626,3,1
51.35,-0.01616,0.03469,-0.11509,3,1
51.4,-0.00207,0.03927,-0.11395,3,1
51.45,-0.00992,0.05124,-0.11177,3,1
51.5,0.02051,0.04573,-0.09898,3,1
51.55,-0.01065,0.01932,-0.08217,3,1
51.6,-0.03704,0.0567,-0.10422,3,1
51.65,-0.01874,0.03943,-0.06398,3,1
51.7,-0.00162,0.03599,-0.08846,3,1
51.75,0.00202,0.03158,-0.06841,3,1
51.8,-0.02379,0.03794,-0.06704,3,1
51.85,-0.01743,0.0197,-0.06631,3,1
51.9,-0.00836,0.0303,-0.07372,3,1
51.95,-0.01201,0.04591,-0.06227,3,1
52.0,-0.00709,0.02037,-0.05106,3,1
52.05,0.00958,0.01379,-0.03409,3,1
52.1,-0.01071,0.02461,-0.03911,3,1
52.15,-0.00357,0.01335,-0.02575,3,1
52.2,-0.01342,0.0019,-0.00514,3,1
52.25,0.00392,0.00536,-0.01332,3,1
52.3,-0.00141,-0.01618,-0.01234,3,1
52.35,-0.00169,0.00718,-0.01589,3,1
52.4,-0.00234,0.01248,-0.00384,3,1
52.45,-0.00409,0.00207,-0.00045,3,1
52.5,0.01122,-0.00597,0.01294,3,1
52.55,-0.00616,-0.01934,0.0223,3,1
52.6,0.00383,-0.00312,0.02826,3,1
52.65,-0.01314,-0.01093,0.00661,3,1
52.7,0.00708,-0.02562,0.03707,3,1
52.75,0.00948,-0.0228,0.03788,3,1
52.8,0.01478,-0.03657,0.05021,3,1
52.85,0.00408,-0.01319,0.03287,3,1
52.9,0.00326,-0.01426,0.06855,3,1
52.95,-0.00413,-0.03072,0.07888,3,1
53.0,-0.0103,-0.03101,0.06769,3,1
53.05,0.00597,-0.04252,0.08094,3,1
53.1,0.01344,-0.01764,0.06867,3,1
53.15,7e-05,-0.02746,0.09998,3,1
53.2,0.00511,-0.05632,0.0848,3,1
53.25,0.01518,-0.03688,0.10314,3,1
53.3,0.02511,-0.05058,0.08791,3,1
53.35,-0.00584,-0.05011,0.112,3,1
53.4,0.02378,-0.0493,0.1067,3,1
53.45,0.0055,-0.04182,0.10357,3,1
53.5,0.0061,-0.05746,0.11543,3,1
53.55,0.02554,-0.0682,0.14465,3,1
53.6,0.00122,-0.07008,0.11776,3,1
53.65,0.01458,-0.0646,0.13972,3,1
53.7,0.00016,-0.08378,0.1288,3,1
53.75,0.0115,-0.08432,0.13532,3,1
53.8,0.01437,-0.08027,0.13187,3,1
53.85,-0.00164,-0.07621,0.14825,3,1
53.9,0.03709,-0.06568,0.1345,3,1
53.95,-0.00545,-0.081,0.16611,3,1
54.0,0.01678,-0.08772,0.16352,3,1
54.05,0.02428,-0.07038,0.1458,3,1
54.1,0.01517,-0.10036,0.1512,3,1
54.15,-0.0017,-0.0927,0.14752,3,1
54.2,0.01912,-0.09274,0.1557,3,1
54.25,0.0165,-0.07983,0.17008,3,1
54.3,0.00609,-0.1005,0.1677,3,1
54.35,0.00519,-0.11729,0.16689,3,1
54.4,0.0249,-0.11096,0.15313,3,1
54.45,0.01186,-0.09416,0.15679,3,1
54.5,0.01491,-0.10356,0.18078,3,1
54.55,0.01884,-0.10408,0.16079,3,1
54.6,0.01969,-0.09887,0.17544,3,1
54.65,0.0175,-0.12526,0.19153,3,1
54.7,0.00786,-0.10109,0.17536,3,1
54.75,0.02107,-0.12537,0.1984,3,1
54.8,-0.00519,-0.11879,0.15911,3,1
54.85,0.00273,-0.10601,0.18908,3,1
54.9,-0.0051,-0.12742,0.17371,3,1
54.95,0.02094,-0.11128,0.18616,3,1
55.0,0.01982,-0.12712,0.16823,3,1
55.05,0.02271,-0.1254,0.17237,3,1
55.1,0.00949,-0.12251,0.17975,3,1
55.15,0.00476,-0.14364,0.17205,3,1
55.2,0.0157,-0.1425,0.17292,3,1
55.25,0.03329,-0.13583,0.18885,3,1
55.3,-0.00019,-0.1454,0.18419,3,1
55.35,0.02421,-0.15566,0.16312,3,1
55.4,0.02675,-0.15333,0.17523,3,1
55.45,0.01891,-0.15471,0.16784,3,1
55.5,0.00923,-0.13885,0.16983,3,1
55.55,0.0317,-0.16347,0.15648,3,1
55.6,0.0147,-0.16909,0.16604,3,1
55.65,0.02518,-0.1679,0.15327,3,1
55.7,0.02199,-0.17258,0.14941,3,1
55.75,0.03399,-0.17479,0.14522,3,1
55.8,0.0436,-0.19084,0.13527,3,1
55.85,0.03667,-0.17592,0.14868,3,1
55.9,0.04005,-0.18124,0.13419,3,1
55.95,0.0231,-0.17705,0.13113,3,1
56.0,0.0178,-0.19179,0.13717,3,1
56.05,0.02761,-0.18232,0.12627,3,1
56.1,0.02488,-0.18828,0.12129,3,1
56.15,0.01883,-0.17036,0.11961,3,1
56.2,0.0185,-0.18889,0.11186,3,1
56.25,0.0101,-0.19859,0.11979,3,1
56.3,0.01416,-0.19062,0.10179,3,1
56.35,0.00668,-0.19832,0.11578,3,1
56.4,0.01591,-0.20255,0.09268,3,1
56.45,0.0168,-0.19561,0.08789,3,1
56.5,0.01926,-0.20489,0.09054,3,1
56.55,0.02343,-0.19995,0.08815,3,1
56.6,0.0194,-0.192,0.08126,3,1
56.65,0.03534,-0.20698,0.07402,3,1
56.7,0.0137,-0.20806,0.0741,3,1
56.75,0.01693,-0.19532,0.06073,3,1
56.8,0.03647,-0.22274,0.05219,3,1
56.85,0.01573,-0.20414,0.05581,3,1
56.9,0.01997,-0.22079,0.0435,3,1
56.95,0.02802,-0.20985,0.03751,3,1
57.0,0.01634,-0.21914,0.03369,3,1
57.05,0.02336,-0.22663,0.04407,3,1
57.1,0.01457,-0.2089,0.03483,3,1
57.15,0.03035,-0.20719,0.02067,3,1
57.2,0.01772,-0.23306,0.00259,3,1
57.25,0.02927,-0.24452,-0.01073,3,1
57.3,0.03622,-0.22145,0.00182,3,1
57.35,0.03012,-0.22569,-0.01001,3,1
57.4,0.00619,-0.22244,-0.00949,3,1
57.45,0.0071,-0.23567,-0.02443,3,1
57.5,0.01969,-0.24217,-0.02,3,1
57.55,0.01873,-0.25223,-0.02453,3,1
57.6,0.02564,-0.25672,-0.03288,3,1
57.65,0.02962,-0.24574,-0.04077,3,1
57.7,0.01306,-0.26346,-0.04305,3,1
57.75,0.01977,-0.24339,-0.0562,3,1
57.8,0.01799,-0.24777,-0.06,3,1
57.85,0.0292,-0.25533,-0.07928,3,1
57.9,0.02192,-0.2658,-0.09556,3,1
57.95,0.00944,-0.25881,-0.0835,3,1
58.0,0.00496,-0.25832,-0.06862,3,1
58.05,0.02854,-0.25762,-0.07673,3,1
58.1,0.01576,-0.26813,-0.08422,3,1
58.15,0.00924,-0.25757,-0.09623,3,1
58.2,0.01635,-0.26706,-0.08948,3,1
58.25,0.00398,-0.26135,-0.1085,3,1
58.3,0.01235,-0.26519,-0.10711,3,1
58.35,0.01906,-0.26466,-0.10066,3,1
58.4,0.01353,-0.26444,-0.13661,3,1
58.45,0.02399,-0.28878,-0.11721,3,1
58.5,0.01454,-0.26994,-0.14224,3,1
58.55,0.0194,-0.26479,-0.12552,3,1
58.6,0.01885,-0.27454,-0.12416,3,1
58.65,0.02624,-0.28214,-0.14517,3,1
58.7,0.01193,-0.27765,-0.15459,3,1
58.75,-0.00301,-0.28086,-0.14391,3,1
58.8,0.02029,-0.26919,-0.16267,3,1
58.85,0.01313,-0.29581,-0.15044,3,1
58.9,0.01705,-0.28752,-0.15547,3,1
58.95,0.01085,-0.29424,-0.14291,3,1
59.0,0.02585,-0.28716,-0.17679,3,1
59.05,0.01542,-0.28085,-0.16217,3,1
59.1,0.02747,-0.27557,-0.16703,3,1
59.15,0.01251,-0.29402,-0.17247,3,1
59.2,0.02604,-0.29453,-0.18711,3,1
59.25,0.02145,-0.29248,-0.17677,3,1
59.3,-0.00304,-0.28097,-0.16675,3,1
59.35,0.00502,-0.29231,-0.18599,3,1
59.4,0.00257,-0.31595,-0.1686,3,1
59.45,0.02476,-0.29919,-0.17806,3,1
59.5,0.03329,-0.30474,-0.19019,3,1
59.55,0.01679,-0.29278,-0.18201,3,1
59.6,0.00103,-0.307,-0.1727,3,1
59.65,0.0222,-0.31708,-0.19209,3,1
59.7,0.00497,-0.30165,-0.15793,3,1
59.75,0.01172,-0.30178,-0.18791,3,1
59.8,0.04019,-0.30941,-0.18481,3,1
59.85,0.01565,-0.31759,-0.17118,3,1
59.9,0.01376,-0.31372,-0.1846,3,1
59.95,-0.00536,-0.31177,-0.20058,3,1
60.0,0.00882,-0.31208,-0.18274,3,1
60.05,0.00724,-0.31643,-0.16333,3,1
60.1,0.02719,-0.31057,-0.16287,3,1
60.15,0.00947,-0.31274,-0.18106,3,1
60.2,0.01923,-0.30436,-0.18395,3,1
60.25,0.01358,-0.31651,-0.17816,3,1
60.3,0.01145,-0.33131,-0.17141,3,1
60.35,0.03032,-0.30853,-0.17617,3,1
60.4,0.01667,-0.31274,-0.1656,3,1
60.45,0.005,-0.31434,-0.16572,3,1
60.5,0.00883,-0.30766,-0.14888,3,1
60.55,-0.00269,-0.32042,-0.13804,3,1
60.6,0.02794,-0.3127,-0.13493,3,1
60.65,0.02176,-0.31835,-0.16774,3,1
60.7,0.00876,-0.33047,-0.14302,3,1
60.75,0.02654,-0.31576,-0.14868,3,1
60.8,-0.00292,-0.33846,-0.1562,3,1
60.85,0.02473,-0.31082,-0.13461,3,1
60.9,0.00662,-0.32044,-0.12944,3,1
60.95,0.02176,-0.31653,-0.14503,3,1
61.0,0.01813,-0.34022,-0.12502,3,1
61.05,-0.00665,-0.321,-0.12916,3,1
61.1,-0.00689,-0.33232,-0.10396,3,1
61.15,0.00471,-0.31561,-0.09389,3,1
61.2,0.00863,-0.31699,-0.11246,3,1
61.25,0.00508,-0.33457,-0.0924,3,1
61.3,0.01467,-0.31379,-0.09329,3,1
61.35,0.01423,-0.32525,-0.09359,3,1
61.4,0.00997,-0.31686,-0.06082,3,1
61.45,0.01191,-0.33543,-0.08743,3,1
61.5,-0.00873,-0.32393,-0.08336,3,1
61.55,0.01758,-0.32788,-0.06058,3,1
61.6,0.00514,-0.32177,-0.07193,3,1
61.65,0.00296,-0.3297,-0.05708,3,1
61.7,0.00421,-0.31881,-0.05516,3,1
61.75,0.01086,-0.32251,-0.02851,3,1
61.8,-0.03083,-0.33238,-0.02666,3,1
61.85,-0.02326,-0.31125,-0.03272,3,1
61.9,-0.0188,-0.31895,-0.03834,3,1
61.95,-0.00785,-0.31165,-0.02592,3,1
62.0,-0.00865,-0.30629,-0.00698,3,1
62.05,-0.00274,-0.33431,-0.01251,3,1
62.1,0.01604,-0.33627,-0.01739,3,1
62.15,0.01275,-0.00282,0.001,0,0
62.2,0.00525,-0.0039,-0.02424,0,0
62.25,-0.00212,0.01241,0.02172,0,0
62.3,-0.00118,-0.00029,0.01365,0,0
62.35,0.00596,0.00295,-0.01979,0,0
62.4,-0.00416,0.00215,-0.01514,0,0
62.45,-0.00366,0.01709,-0.00257,0,0
62.5,-0.01434,-0.01887,-0.00011,0,0
62.55,-0.00578,-0.00869,0.00228,0,0
62.6,0.00285,0.00175,0.0035,0,0
62.65,-0.01229,-0.00641,-0.00326,0,0
62.7,-0.00054,0.0099,-0.00728,0,0
62.75,-0.00778,0.01487,0.00158,0,0
62.8,-0.01398,-0.00311,-0.01236,0,0
62.85,-0.01137,-0.01334,-0.00796,0,0
62.9,0.0206,0.0101,0.01382,0,0
62.95,0.01088,-0.00135,0.00403,0,0
63.0,0.00103,-0.01068,-0.01162,0,0
63.05,0.009,-0.01218,0.00201,0,0
63.1,0.00652,0.00753,0.00369,0,0
63.15,-0.01201,0.0054,-0.00138,0,0
63.2,-0.00978,-0.01989,0.00451,0,0
63.25,-0.01552,-0.01707,0.01748,0,0
63.3,-0.01201,-0.0042,0.00072,0,0
63.35,0.0007,-0.01019,-0.00708,0,0
63.4,0.00806,-0.00279,-0.00023,0,0
63.45,-0.02163,-0.00574,0.00857,0,0
63.5,-0.00729,-0.00952,0.00375,0,0
63.55,0.00599,0.00334,-0.00566,0,0
63.6,0.0075,0.01629,0.0117,0,0
63.65,-0.01563,0.02929,-0.01326,0,0
63.7,-0.01226,0.00304,-0.00094,0,0
63.75,0.00361,0.01312,0.00931,0,0
63.8,-0.00893,0.00072,0.01011,0,0
63.85,0.01053,0.01124,0.00817,0,0
63.9,0.00708,-0.00514,-0.01318,0,0
63.95,0.00422,-0.00454,0.01245,0,0
64.0,-0.00873,-0.00381,-0.00428,0,0
64.05,0.00967,0.00751,0.00023,0,0
64.1,0.00292,0.01615,-0.01763,0,0
64.15,0.00748,0.0108,0.01214,0,0
64.2,0.00803,-0.00774,-0.00539,0,0
64.25,0.00662,-0.00589,-0.00198,0,0
64.3,-0.01505,-0.01192,0.00347,0,0
64.35,-0.00426,-0.00759,-0.00188,0,0
64.4,0.00301,-0.00261,0.00173,0,0
64.45,0.00088,-0.00252,-0.00011,0,0
64.5,-0.00887,-0.00502,-0.01837,0,0
64.55,-0.01166,-0.01187,-0.00399,0,0
64.6,0.0113,-9e-05,0.0015,0,0
64.65,-0.00942,0.00287,0.01696,0,0
64.7,-0.00087,-0.00825,-0.01166,0,0
64.75,0.00263,-0.00941,0.00713,0,0
64.8,-0.01012,-0.01656,0.0048,0,0
64.85,-0.01294,0.00606,0.01037,0,0
64.9,-0.00593,0.00208,0.01392,0,0
64.95,-0.00465,0.01598,-0.00329,0,0
65.0,-0.00938,0.00098,0.00225,0,0
65.05,0.01134,0.00886,0.0037,0,0
65.1,0.00656,0.00181,0.00792,0,0
65.15,-0.00519,0.29274,0.00209,4,1
65.2,0.02659,0.31162,-0.00139,4,1
65.25,0.01333,0.28487,0.00869,4,1
65.3,0.00307,0.29673,0.01086,4,1
65.35,-0.00291,0.29798,0.01454,4,1
65.4,-0.01235,0.28772,0.01827,4,1
65.45,-0.00283,0.31328,0.02683,4,1
65.5,-0.01423,0.31915,0.02753,4,1
65.55,-0.00147,0.2936,0.03723,4,1
65.6,0.00115,0.30741,0.06254,4,1
65.65,0.00367,0.30417,0.06144,4,1
65.7,-0.01362,0.31454,0.06583,4,1
65.75,0.00129,0.30821,0.05096,4,1
65.8,-0.01525,0.30332,0.0724,4,1
65.85,0.00155,0.30281,0.07423,4,1
65.9,0.00808,0.30497,0.08858,4,1
65.95,0.00716,0.31383,0.08926,4,1
66.0,0.00217,0.30355,0.1017,4,1
66.05,0.01743,0.29012,0.08824,4,1
66.1,0.01017,0.30209,0.09617,4,1
66.15,-0.0129,0.30924,0.11068,4,1
66.2,0.01383,0.29858,0.11859,4,1
66.25,0.01001,0.28476,0.10344,4,1
66.3,-0.0041,0.29296,0.11405,4,1
66.35,-0.01371,0.29678,0.11339,4,1
66.4,-0.02018,0.30166,0.12773,4,1
66.45,0.00213,0.30256,0.13465,4,1
66.5,-0.00041,0.28771,0.12923,4,1
66.55,-0.00546,0.3057,0.14435,4,1
66.6,-0.0106,0.29397,0.14393,4,1
66.65,-0.02032,0.30378,0.15255,4,1
66.7,0.00027,0.30467,0.15807,4,1
66.75,-0.02813,0.29642,0.13691,4,1
66.8,-0.01908,0.29224,0.166,4,1
66.85,-0.00651,0.29527,0.17485,4,1
66.9,-0.00767,0.28283,0.14572,4,1
66.95,-0.01907,0.2928,0.14677,4,1
67.0,-0.00621,0.29411,0.15733,4,1
67.05,-0.0098,0.29551,0.16041,4,1
67.1,-0.00377,0.28247,0.17463,4,1
67.15,0.00324,0.29215,0.15789,4,1
67.2,-0.0107,0.289,0.16372,4,1
67.25,-0.02442,0.28362,0.18255,4,1
67.3,-0.00389,0.29867,0.17479,4,1
67.35,0.00735,0.27742,0.18084,4,1
67.4,-0.01495,0.29999,0.17778,4,1
67.45,-0.02308,0.28668,0.16709,4,1
67.5,-0.02171,0.29268,0.17879,4,1
67.55,-0.00466,0.27383,0.19246,4,1
67.6,-0.01519,0.26212,0.17087,4,1
67.65,-0.02763,0.26617,0.18509,4,1
67.7,-0.01021,0.2858,0.1726,4,1
67.75,-0.00876,0.26429,0.17495,4,1
67.8,-0.01587,0.27233,0.18041,4,1
67.85,-0.01471,0.28179,0.1819,4,1
67.9,-0.00513,0.2713,0.18467,4,1
67.95,-0.01211,0.27754,0.1786,4,1
68.0,-0.03664,0.29328,0.16705,4,1
68.05,-0.02323,0.26985,0.16187,4,1
68.1,0.00201,0.26584,0.16673,4,1
68.15,-0.02393,0.27535,0.18596,4,1
68.2,-0.01308,0.26216,0.18349,4,1
68.25,-0.01315,0.26159,0.16764,4,1
68.3,-0.01484,0.27008,0.16631,4,1
68.35,-0.01608,0.28521,0.19241,4,1
68.4,-0.01475,0.25627,0.15118,4,1
68.45,-0.00851,0.24805,0.15732,4,1
68.5,-0.01284,0.26493,0.1524,4,1
68.55,0.00143,0.26989,0.14888,4,1
68.6,-0.00926,0.25889,0.14543,4,1
68.65,-0.02131,0.27133,0.14186,4,1
68.7,-0.01808,0.26847,0.1472,4,1
68.75,-0.0151,0.25037,0.16404,4,1
68.8,-0.00945,0.23207,0.15021,4,1
68.85,-0.03062,0.24075,0.12649,4,1
68.9,-0.0053,0.25045,0.13174,4,1
68.95,-0.03469,0.26262,0.12301,4,1
69.0,-0.031,0.25379,0.1265,4,1
69.05,-0.01736,0.26211,0.12325,4,1
69.1,-0.00329,0.24729,0.1142,4,1
69.15,-0.00977,0.25805,0.10535,4,1
69.2,0.00035,0.24623,0.10421,4,1
69.25,-0.01418,0.23511,0.08308,4,1
69.3,0.00187,0.2529,0.08557,4,1
69.35,-0.01739,0.24706,0.08512,4,1
69.4,-0.00451,0.23443,0.09502,4,1
69.45,-0.02522,0.24298,0.09561,4,1
69.5,-0.01424,0.23156,0.07727,4,1
69.55,-0.01179,0.23067,0.06597,4,1
69.6,-0.00148,0.24741,0.05808,4,1
69.65,-0.03234,0.21909,0.0483,4,1
69.7,-0.02204,0.22963,0.04029,4,1
69.75,-0.0177,0.19981,0.05015,4,1
69.8,-0.00321,0.21513,0.01453,4,1
69.85,-0.01765,0.23271,0.03378,4,1
69.9,-0.01706,0.23703,0.04925,4,1
69.95,-0.01339,0.21016,0.02852,4,1
70.0,-0.0294,0.22075,0.01885,4,1
70.05,-0.02512,0.23458,0.01341,4,1
70.1,-0.03423,0.22143,0.01695,4,1
70.15,-0.01892,0.20823,0.00016,4,1
70.2,-0.02532,0.20926,-0.00814,4,1
70.25,-0.02163,0.19907,-0.00426,4,1
70.3,-0.02724,0.2197,-0.00852,4,1
70.35,-0.00435,0.19558,-0.00381,4,1
70.4,-0.02055,0.21369,-0.0146,4,1
70.45,-0.00975,0.20639,-0.0245,4,1
70.5,-0.02025,0.2113,-0.04348,4,1
70.55,-0.01526,0.21766,-0.01999,4,1
70.6,-0.00859,0.21511,-0.04027,4,1
70.65,-0.00869,0.21817,-0.05145,4,1
70.7,-0.03506,0.19522,-0.0544,4,1
70.75,-0.02737,0.18314,-0.06649,4,1
70.8,-0.03138,0.20243,-0.04976,4,1
70.85,-0.01226,0.17752,-0.06991,4,1
70.9,-0.02754,0.19243,-0.08532,4,1
70.95,-0.00906,0.1948,-0.08532,4,1
71.0,-0.01377,0.18654,-0.0698,4,1
71.05,-0.03775,0.18817,-0.07951,4,1
71.1,-0.02232,0.17716,-0.09494,4,1
71.15,-0.02776,0.17489,-0.11164,4,1
71.2,-0.02025,0.15743,-0.11201,4,1
71.25,-0.01279,0.17264,-0.11458,4,1
71.3,-0.00929,0.19027,-0.12221,4,1
71.35,-0.00612,0.15505,-0.12756,4,1
71.4,-0.0127,0.17318,-0.12206,4,1
71.45,-0.0093,0.16662,-0.11965,4,1
71.5,-0.02272,0.1604,-0.14993,4,1
71.55,-0.01094,0.15601,-0.12489,4,1
71.6,-0.00748,0.16048,-0.13773,4,1
71.65,-0.01547,0.15865,-0.1567,4,1
71.7,-0.00286,0.15301,-0.1402,4,1
71.75,-0.01426,0.15956,-0.14653,4,1
71.8,-0.00791,0.14593,-0.14189,4,1
71.85,-0.01523,0.15299,-0.1589,4,1
71.9,-0.01719,0.15634,-0.16926,4,1
71.95,-0.03378,0.14574,-0.15316,4,1
72.0,-0.01941,0.16013,-0.1497,4,1
72.05,-0.00223,0.15886,-0.16235,4,1
72.1,-0.01042,0.13544,-0.194,4,1
72.15,-0.01186,0.13245,-0.17116,4,1
72.2,-0.04059,0.14704,-0.173,4,1
72.25,-0.02147,0.1244,-0.18078,4,1
72.3,-0.02384,0.12412,-0.18828,4,1
72.35,-0.01729,0.12832,-0.16689,4,1
72.4,-0.03251,0.12511,-0.18556,4,1
72.45,-0.01139,0.1269,-0.16915,4,1
72.5,0.00378,0.12529,-0.17316,4,1
72.55,-0.0219,0.12185,-0.17886,4,1
72.6,0.00719,0.10956,-0.18092,4,1
72.65,-0.0138,0.11124,-0.17635,4,1
72.7,-0.01364,0.1178,-0.18722,4,1
72.75,-0.00622,0.10511,-0.18367,4,1
72.8,-0.00487,0.1262,-0.18722,4,1
72.85,-0.0069,0.10916,-0.16888,4,1
72.9,-0.01179,0.12478,-0.16341,4,1
72.95,-0.0224,0.10233,-0.18549,4,1
73.0,-0.01325,0.0852,-0.1938,4,1
73.05,-0.00201,0.10456,-0.16844,4,1
73.1,-0.02102,0.0884,-0.17664,4,1
73.15,0.0021,0.09743,-0.17144,4,1
73.2,0.00029,0.09823,-0.16985,4,1
73.25,-0.00697,0.09027,-0.15417,4,1
73.3,-0.01204,0.08272,-0.16115,4,1
73.35,-0.00128,0.08295,-0.15863,4,1
73.4,0.00028,0.05188,-0.18085,4,1
73.45,-0.00623,0.07382,-0.14432,4,1
73.5,-0.00673,0.07983,-0.158,4,1
73.55,-0.01351,0.07215,-0.15467,4,1
73.6,0.00058,0.06081,-0.1506,4,1
73.65,-0.01368,0.07485,-0.15749,4,1
73.7,-0.00748,0.06097,-0.147,4,1
73.75,-0.01125,0.05274,-0.1393,4,1
73.8,-0.03649,0.06333,-0.15493,4,1
73.85,-0.00553,0.06142,-0.12827,4,1
73.9,-0.00985,0.06033,-0.1215,4,1
73.95,-0.01219,0.05985,-0.11459,4,1
74.0,-0.00065,0.07766,-0.12029,4,1
74.05,-0.01228,0.06624,-0.11155,4,1
74.1,-0.00943,0.05858,-0.11738,4,1
74.15,-0.00144,0.05117,-0.11353,4,1
74.2,0.01076,0.05308,-0.12109,4,1
74.25,-0.00376,0.04319,-0.10011,4,1
74.3,-0.00315,0.0475,-0.11558,4,1
74.35,-0.02094,0.0555,-0.09412,4,1
74.4,0.00841,0.04443,-0.09436,4,1
74.45,-0.02156,0.04192,-0.07894,4,1
74.5,0.01313,0.03243,-0.07835,4,1
74.55,-0.02217,0.02604,-0.07157,4,1
74.6,-0.0073,0.02101,-0.05471,4,1
74.65,0.01253,0.01672,-0.06268,4,1
74.7,-0.00748,0.03989,-0.05602,4,1
74.75,0.00308,0.01333,-0.03978,4,1
74.8,-0.00559,0.03895,-0.03675,4,1
74.85,-0.00881,0.02323,-0.0398,4,1
74.9,-0.00421,0.0231,-0.03702,4,1
74.95,-0.00141,0.00693,-0.0387,4,1
75.0,-0.00063,0.01266,-0.01496,4,1
75.05,-0.01463,0.00964,-0.00421,4,1
75.1,-0.00757,-0.00429,-0.02384,4,1
75.15,0.00743,-0.00888,-0.00878,4,1
75.2,-0.00687,-0.00434,-0.00643,4,1
75.25,-0.00362,-0.00462,0.0017,4,1
75.3,0.00311,-0.00785,0.01256,4,1
75.35,-0.00407,-0.01022,0.01387,4,1
75.4,-0.01613,-0.01625,0.01236,4,1
75.45,-0.0089,-0.01272,0.01727,4,1
75.5,-0.00748,-0.00261,0.05098,4,1
75.55,0.01187,-0.01215,0.04691,4,1
75.6,0.00538,-0.0201,0.04226,4,1
75.65,-0.00082,-0.0419,0.03817,4,1
75.7,-0.00545,-0.01738,0.04717,4,1
75.75,-0.01486,-0.02486,0.06019,4,1
75.8,0.01113,-0.02328,0.08652,4,1
75.85,-0.00494,-0.01611,0.07706,4,1
75.9,-0.00233,-0.03292,0.06555,4,1
75.95,0.00308,-0.03842,0.07365,4,1
76.0,0.00457,-0.04669,0.09436,4,1
76.05,0.01369,-0.04564,0.09668,4,1
76.1,-0.00531,-0.05887,0.09605,4,1
76.15,0.01096,-0.05076,0.10292,4,1
76.2,0.02539,-0.01559,0.09359,4,1
76.25,0.00934,-0.06033,0.1352,4,1
76.3,0.002,-0.04178,0.11229,4,1
76.35,-0.00393,-0.05478,0.10217,4,1
76.4,0.00053,-0.05772,0.12219,4,1
76.45,-0.01551,-0.05802,0.1496,4,1
76.5,-0.00203,-0.05642,0.12384,4,1
76.55,-0.02045,-0.07195,0.12511,4,1
76.6,0.01652,-0.06466,0.1335,4,1
76.65,0.01505,-0.06533,0.13767,4,1
76.7,0.01527,-0.08269,0.14074,4,1
76.75,0.0214,-0.09263,0.13824,4,1
76.8,0.01069,-0.07124,0.14599,4,1
76.85,0.0137,-0.08468,0.1622,4,1
76.9,0.01161,-0.05996,0.16379,4,1
76.95,0.01544,-0.06623,0.15005,4,1
77.0,0.00725,-0.10017,0.16939,4,1
77.05,0.02698,-0.0898,0.15096,4,1
77.1,0.02194,-0.09458,0.16038,4,1
77.15,0.02634,-0.09306,0.16569,4,1
77.2,0.02731,-0.08582,0.15888,4,1
77.25,0.02649,-0.1114,0.1814,4,1
77.3,0.01658,-0.10146,0.16518,4,1
77.35,0.0008,-0.08118,0.17568,4,1
77.4,0.00585,-0.09496,0.18778,4,1
77.45,0.01558,-0.09596,0.1864,4,1
77.5,0.01321,-0.10199,0.17667,4,1
77.55,0.00293,-0.12004,0.18311,4,1
77.6,0.006,-0.10979,0.17674,4,1
77.65,0.02301,-0.10898,0.18272,4,1
77.7,0.01066,-0.11535,0.17651,4,1
77.75,0.01623,-0.1334,0.1798,4,1
77.8,0.01763,-0.11441,0.16914,4,1
77.85,0.00995,-0.12433,0.17425,4,1
77.9,0.0022,-0.13355,0.1793,4,1
77.95,0.01842,-0.12337,0.16989,4,1
78.0,0.01861,-0.12899,0.17286,4,1
78.05,0.00571,-0.13424,0.18403,4,1
78.1,0.01331,-0.13251,0.16572,4,1
78.15,0.04324,-0.15606,0.15415,4,1
78.2,0.01027,-0.13353,0.1907,4,1
78.25,0.02084,-0.13463,0.18052,4,1
78.3,0.01683,-0.15929,0.17207,4,1
78.35,0.01822,-0.12014,0.16035,4,1
78.4,0.02879,-0.15753,0.18075,4,1
78.45,0.01771,-0.13763,0.17017,4,1
78.5,0.02332,-0.1471,0.15413,4,1
78.55,0.01511,-0.15779,0.15695,4,1
78.6,0.00077,-0.15046,0.16509,4,1
78.65,0.02902,-0.14109,0.15394,4,1
78.7,0.01561,-0.15881,0.15328,4,1
78.75,0.02446,-0.1549,0.13269,4,1
78.8,0.0312,-0.15552,0.15271,4,1
78.85,0.01807,-0.16491,0.1587,4,1
78.9,0.00698,-0.18117,0.15566,4,1
78.95,0.02021,-0.17056,0.1261,4,1
79.0,-0.00214,-0.14958,0.13513,4,1
79.05,0.02314,-0.16197,0.11492,4,1
79.1,0.02273,-0.16131,0.09789,4,1
79.15,0.02422,-0.16664,0.11672,4,1
79.2,0.0095,-0.1777,0.10677,4,1
79.25,0.02208,-0.18328,0.11453,4,1
79.3,0.01336,-0.18507,0.11401,4,1
79.35,0.01703,-0.17646,0.08468,4,1
79.4,0.03393,-0.19818,0.09387,4,1
79.45,0.01655,-0.19317,0.08531,4,1
79.5,0.03122,-0.17002,0.08075,4,1
79.55,0.01537,-0.20804,0.09525,4,1
79.6,0.00834,-0.2002,0.07406,4,1
79.65,0.02641,-0.1777,0.08959,4,1
79.7,0.02666,-0.19956,0.05605,4,1
79.75,0.01739,-0.18852,0.06688,4,1
79.8,0.02539,-0.2173,0.04632,4,1
79.85,0.03383,-0.20547,0.04578,4,1
79.9,0.04657,-0.20266,0.05538,4,1
79.95,0.03772,-0.19609,0.03132,4,1
80.0,-0.00344,-0.21401,0.03658,4,1
80.05,0.0253,-0.19544,0.01355,4,1
80.1,0.02139,-0.22938,0.01021,4,1
80.15,0.02471,-0.23241,0.02162,4,1
80.2,0.03773,-0.22665,0.00526,4,1
80.25,0.03661,-0.20897,0.00622,4,1
80.3,0.0205,-0.22936,-0.00473,4,1
80.35,0.03229,-0.21643,-0.00176,4,1
80.4,0.01579,-0.22766,-0.01888,4,1
80.45,0.00887,-0.2342,-0.02035,4,1
80.5,0.01709,-0.2316,-0.01876,4,1
80.55,0.01004,-0.21954,-0.02627,4,1
80.6,0.03598,-0.22197,-0.02887,4,1
80.65,0.02004,-0.24104,-0.03368,4,1
80.7,0.03605,-0.22977,-0.02673,4,1
80.75,0.02845,-0.21007,-0.05487,4,1
80.8,0.01032,-0.23106,-0.06565,4,1
80.85,0.0211,-0.23556,-0.06202,4,1
80.9,0.01815,-0.24439,-0.07418,4,1
80.95,0.03168,-0.23677,-0.08744,4,1
81.0,-0.00124,-0.24084,-0.07632,4,1
81.05,0.00705,-0.25696,-0.0785,4,1
81.1,0.05072,-0.23181,-0.09899,4,1
81.15,0.01752,-0.24316,-0.10658,4,1
81.2,0.00458,-0.24482,-0.0907,4,1
81.25,0.02106,-0.25163,-0.09815,4,1
81.3,0.02365,-0.25601,-0.11997,4,1
81.35,0.02479,-0.2362,-0.10817,4,1
81.4,0.03003,-0.23425,-0.13184,4,1
81.45,0.02291,-0.23711,-0.10944,4,1
81.5,0.03229,-0.25748,-0.11806,4,1
81.55,0.02566,-0.2589,-0.12695,4,1
81.6,0.00446,-0.2627,-0.12943,4,1
81.65,0.02817,-0.25551,-0.12109,4,1
81.7,0.03242,-0.2666,-0.14104,4,1
81.75,0.01236,-0.24979,-0.1363,4,1
81.8,0.00932,-0.25002,-0.16001,4,1
81.85,0.0289,-0.28488,-0.15177,4,1
81.9,0.00989,-0.25493,-0.15048,4,1
81.95,-0.00509,-0.27634,-0.16176,4,1
82.0,0.02851,-0.24774,-0.15179,4,1
82.05,0.03074,-0.27275,-0.15702,4,1
82.1,0.01762,-0.27715,-0.16711,4,1
82.15,0.01262,-0.26292,-0.16091,4,1
82.2,0.01053,-0.27391,-0.18697,4,1
82.25,0.0209,-0.27072,-0.17019,4,1
82.3,0.02112,-0.27572,-0.18131,4,1
82.35,0.00947,-0.27526,-0.1711,4,1
82.4,0.00924,-0.27728,-0.188,4,1
82.45,0.01104,-0.29137,-0.18258,4,1
82.5,0.02032,-0.27319,-0.17863,4,1
82.55,0.01248,-0.2669,-0.18977,4,1
82.6,0.01895,-0.28405,-0.17596,4,1
82.65,0.0128,-0.28327,-0.17619,4,1
82.7,0.00765,-0.29092,-0.18455,4,1
82.75,0.00136,-0.27826,-0.18602,4,1
82.8,0.00106,-0.27698,-0.17598,4,1
82.85,0.01163,-0.28444,-0.17074,4,1
82.9,0.01055,-0.27981,-0.19093,4,1
82.95,0.01861,-0.28468,-0.17392,4,1
83.0,0.01008,-0.29162,-0.19048,4,1
83.05,0.01052,-0.28951,-0.19061,4,1
83.1,0.02486,-0.27547,-0.197,4,1
83.15,-0.00928,-0.30171,-0.17392,4,1
83.2,0.03867,-0.29911,-0.17733,4,1
83.25,0.02496,-0.293,-0.16149,4,1
83.3,0.02073,-0.28907,-0.16216,4,1
83.35,0.0205,-0.30353,-0.17089,4,1
83.4,0.0046,-0.28991,-0.17928,4,1
83.45,0.00068,-0.29033,-0.16505,4,1
83.5,0.02424,-0.28945,-0.14833,4,1
83.55,0.02323,-0.28083,-0.19553,4,1
83.6,0.00214,-0.2882,-0.17077,4,1
83.65,0.00433,-0.28676,-0.15428,4,1
83.7,0.00586,-0.27672,-0.15603,4,1
83.75,0.02019,-0.29512,-0.14773,4,1
83.8,0.00522,-0.30359,-0.14771,4,1
83.85,-0.00512,-0.28962,-0.14099,4,1
83.9,0.00386,-0.28831,-0.14903,4,1
83.95,-0.01169,-0.29254,-0.14874,4,1
84.0,-0.00624,-0.29562,-0.12152,4,1
84.05,-0.00035,-0.30664,-0.11222,4,1
84.1,-0.00697,-0.28969,-0.11895,4,1
84.15,-0.00039,-0.29997,-0.1277,4,1
84.2,-7e-05,-0.30055,-0.12191,4,1
84.25,-0.01017,-0.29229,-0.11651,4,1
84.3,0.01398,-0.30134,-0.07785,4,1
84.35,0.01131,-0.31362,-0.11512,4,1
84.4,-0.00353,-0.30479,-0.11324,4,1
84.45,-0.00612,-0.30068,-0.10757,4,1
84.5,0.00385,-0.2988,-0.09712,4,1
84.55,0.0106,-0.30057,-0.07118,4,1
84.6,0.01091,-0.30382,-0.07866,4,1
84.65,0.00859,-0.29817,-0.08891,4,1
84.7,0.01294,-0.30779,-0.05546,4,1
84.75,0.00516,-0.30889,-0.06157,4,1
84.8,0.01748,-0.31009,-0.07336,4,1
84.85,0.00022,-0.29018,-0.03503,4,1
84.9,0.0128,-0.32413,-0.04787,4,1
84.95,-0.00261,-0.30484,-0.051,4,1
85.0,-0.00088,-0.31504,-0.01136,4,1
85.05,0.00217,-0.30847,-0.04144,4,1
85.1,0.01085,-0.29755,-0.01187,4,1
85.15,0.00443,-0.30814,-0.0252,4,1
85.2,-0.00698,-0.30756,-0.00548,4,1
85.25,-0.00515,-0.30069,0.0008,4,1
